model,variable,metric,region,Historical (2005-2014),SSP2-4.5,Change (hist 2005),Percent Change (hist 2005)
ACCESS-CM2,clt,zonal_mean_crps,global,2.1889878167046444,1.6145761984365958,-0.5744116182680485,-26.240969176922224
ACCESS-CM2,clt,zonal_mean_crps,northern_hemisphere,3.6125922450312866,3.0768086751302084,-0.5357835699010782,-14.831000388654106
ACCESS-CM2,clt,zonal_mean_crps,southern_hemisphere,1.5428998593930845,1.260461750736943,-0.2824381086561414,-18.305666886718193
ACCESS-CM2,clt,zonal_mean_crps,tropics,2.4413772159152556,2.9382456073054564,0.4968683913902008,20.35197134433518
ACCESS-CM2,clt,zonal_mean_crps_anomaly,global,0.357875414247866,0.4387694464789496,0.0808940322310836,22.60396467890807
ACCESS-CM2,clt,zonal_mean_crps_anomaly,northern_hemisphere,0.6344445475825556,0.6195141545048467,-0.0149303930777089,-2.353301503590612
ACCESS-CM2,clt,zonal_mean_crps_anomaly,southern_hemisphere,0.448538010208695,0.6477679641158492,0.1992299539071542,44.41763002748792
ACCESS-CM2,clt,zonal_mean_crps_anomaly,tropics,0.5727821350097656,0.7641401396857368,0.1913580046759712,33.408514857522334
ACCESS-CM2,clt,zonal_mean_crps_bias_adjusted,global,0.7843063919632522,0.8156123408564816,0.0313059488932293,3.9915458058253535
ACCESS-CM2,clt,zonal_mean_crps_bias_adjusted,northern_hemisphere,1.8570682101779517,1.7419774726585109,-0.1150907375194409,-6.197442661969457
ACCESS-CM2,clt,zonal_mean_crps_bias_adjusted,southern_hemisphere,1.435495122273763,1.2565160680700231,-0.1789790542037399,-12.468106051119474
ACCESS-CM2,clt,zonal_mean_crps_bias_adjusted,tropics,0.9414750770286278,1.0656891469602232,0.1242140699315954,13.193559018431502
ACCESS-CM2,pr,zonal_mean_crps,global,5.080309679046709e-06,5.480508343680413e-06,4.001986646337037e-07,7.877446256559672
ACCESS-CM2,pr,zonal_mean_crps,northern_hemisphere,2.7883049555115307e-06,2.9763632499924384e-06,1.880582944809077e-07,6.744538258241101
ACCESS-CM2,pr,zonal_mean_crps,southern_hemisphere,7.553492585227812e-06,7.975838490084344e-06,4.223459048565314e-07,5.591398946793214
ACCESS-CM2,pr,zonal_mean_crps,tropics,7.802721827627263e-06,8.239337057602825e-06,4.36615229975562e-07,5.595678528864494
ACCESS-CM2,pr,zonal_mean_crps_anomaly,global,3.5816439473516465e-07,3.916679260227183e-07,3.350353128755363e-08,9.354232799250452
ACCESS-CM2,pr,zonal_mean_crps_anomaly,northern_hemisphere,8.030906849819951e-07,6.679104764636442e-07,-1.351802085183509e-07,-16.832496136022492
ACCESS-CM2,pr,zonal_mean_crps_anomaly,southern_hemisphere,8.391092183888692e-07,7.752065374478225e-07,-6.390268094104674e-08,-7.615537946745837
ACCESS-CM2,pr,zonal_mean_crps_anomaly,tropics,5.961451919305277e-07,7.01815841037185e-07,1.0567064910665737e-07,17.725656524119344
ACCESS-CM2,pr,zonal_mean_crps_bias_adjusted,global,4.864945283231834e-07,5.277006712950189e-07,4.1206142971835494e-08,8.470011597840998
ACCESS-CM2,pr,zonal_mean_crps_bias_adjusted,northern_hemisphere,2.1558856486889355e-06,2.105278389097765e-06,-5.060725959117072e-08,-2.3473999941484207
ACCESS-CM2,pr,zonal_mean_crps_bias_adjusted,southern_hemisphere,2.3679685926725615e-06,2.465217472423252e-06,9.724887975069021e-08,4.106848378463169
ACCESS-CM2,pr,zonal_mean_crps_bias_adjusted,tropics,7.493052247877199e-07,9.157489835666234e-07,1.6644375877890357e-07,22.21307863241679
ACCESS-CM2,tas,zonal_mean_crps,global,0.2296489294822,0.1953996116003081,-0.0342493178818918,-14.913772060298896
ACCESS-CM2,tas,zonal_mean_crps,northern_hemisphere,0.5577648594139829,0.5144508468111927,-0.0433140126027902,-7.765640282232587
ACCESS-CM2,tas,zonal_mean_crps,southern_hemisphere,0.4367624651055923,0.4566137801091177,0.0198513150035253,4.545105541229625
ACCESS-CM2,tas,zonal_mean_crps,tropics,0.2402104655192348,0.2977718614161022,0.0575613958968674,23.962900938742894
ACCESS-CM2,tas,zonal_mean_crps_anomaly,global,0.0932706293417347,0.1088264016691756,0.0155557723274408,16.678103747371534
ACCESS-CM2,tas,zonal_mean_crps_anomaly,northern_hemisphere,0.1151169465848853,0.1283741396953486,0.0132571931104633,11.516282792201826
ACCESS-CM2,tas,zonal_mean_crps_anomaly,southern_hemisphere,0.1161846935024501,0.1240832411928916,0.0078985476904415,6.798268732597679
ACCESS-CM2,tas,zonal_mean_crps_anomaly,tropics,0.1184106027680838,0.1276125015335714,0.0092018987654875,7.771178045187554
ACCESS-CM2,tas,zonal_mean_crps_bias_adjusted,global,0.1932345280737034,0.1777623981704212,-0.0154721299032821,-8.006917840987922
ACCESS-CM2,tas,zonal_mean_crps_bias_adjusted,northern_hemisphere,0.1622945966886607,0.1908022464158163,0.0285076497271556,17.565372051075457
ACCESS-CM2,tas,zonal_mean_crps_bias_adjusted,southern_hemisphere,0.3788979056837444,0.3600206358331619,-0.0188772698505824,-4.982152069834545
ACCESS-CM2,tas,zonal_mean_crps_bias_adjusted,tropics,0.1332629230716745,0.1348913783597685,0.001628455288094,1.2219867691317443
ACCESS-CM2,tos,zonal_mean_crps,global,0.1826781785046613,0.1838687737782796,0.0011905952736183,0.6517446601253095
ACCESS-CM2,tos,zonal_mean_crps,northern_hemisphere,0.4147559112972683,0.4589386498486554,0.0441827385513871,10.652708580618643
ACCESS-CM2,tos,zonal_mean_crps,southern_hemisphere,0.6479671372307672,0.6666369358698527,0.0186697986390855,2.881287887357243
ACCESS-CM2,tos,zonal_mean_crps,tropics,0.2032205246112964,0.1945294980649595,-0.0086910265463369,-4.276648022122986
ACCESS-CM2,tos,zonal_mean_crps_anomaly,global,0.0541815846054642,0.0643041098559344,0.0101225252504702,18.682593586325897
ACCESS-CM2,tos,zonal_mean_crps_anomaly,northern_hemisphere,0.0635660613024676,0.0651299070428918,0.0015638457404242,2.46018977482808
ACCESS-CM2,tos,zonal_mean_crps_anomaly,southern_hemisphere,0.0595908041353578,0.0731325423275982,0.0135417381922403,22.724543473991275
ACCESS-CM2,tos,zonal_mean_crps_anomaly,tropics,0.0991053810826054,0.1160410633793583,0.0169356822967529,17.0885597853025
ACCESS-CM2,tos,zonal_mean_crps_bias_adjusted,global,0.1022232038003427,0.100188398361206,-0.0020348054391366,-1.990551424225488
ACCESS-CM2,tos,zonal_mean_crps_bias_adjusted,northern_hemisphere,0.1077996165664107,0.103915551856712,-0.0038840647096987,-3.6030413033110382
ACCESS-CM2,tos,zonal_mean_crps_bias_adjusted,southern_hemisphere,0.1698960657472963,0.1641144478762591,-0.0057816178710372,-3.403032227736702
ACCESS-CM2,tos,zonal_mean_crps_bias_adjusted,tropics,0.1197624188882333,0.137185216833044,0.0174227979448106,14.547800642762782
CESM2-WACCM,clt,zonal_mean_crps,global,3.3800538804796005,3.1867840378372763,-0.1932698426423242,-5.717951532030044
CESM2-WACCM,clt,zonal_mean_crps,northern_hemisphere,3.910203965504964,4.020714763358787,0.1105107978538226,2.8262156866681836
CESM2-WACCM,clt,zonal_mean_crps,southern_hemisphere,2.6797316869099936,2.237182758472584,-0.4425489284374095,-16.514673114445795
CESM2-WACCM,clt,zonal_mean_crps,tropics,1.1279436535305447,1.1990091500458893,0.0710654965153445,6.300447393174689
CESM2-WACCM,clt,zonal_mean_crps_anomaly,global,0.3886690634268301,0.3800161008481627,-0.0086529625786674,-2.2263059741302187
CESM2-WACCM,clt,zonal_mean_crps_anomaly,northern_hemisphere,0.5363952248184769,0.5056940537911875,-0.0307011710272894,-5.723610055939461
CESM2-WACCM,clt,zonal_mean_crps_anomaly,southern_hemisphere,0.5221469525937682,0.577605876216182,0.0554589236224137,10.621324772062968
CESM2-WACCM,clt,zonal_mean_crps_anomaly,tropics,0.6350750181410049,0.6837474858319318,0.0486724676909269,7.664050120157653
CESM2-WACCM,clt,zonal_mean_crps_bias_adjusted,global,0.6622960973668981,0.6830566123679832,0.0207605150010851,3.134627409646991
CESM2-WACCM,clt,zonal_mean_crps_bias_adjusted,northern_hemisphere,0.8499995514198587,0.6897206129851164,-0.1602789384347422,-18.856355649483422
CESM2-WACCM,clt,zonal_mean_crps_bias_adjusted,southern_hemisphere,1.04143044507062,1.0933877874303748,0.0519573423597548,4.989036243916563
CESM2-WACCM,clt,zonal_mean_crps_bias_adjusted,tropics,0.9324097386112922,1.0481947545652035,0.1157850159539113,12.417825678907928
CESM2-WACCM,od550aer,zonal_mean_crps,global,0.0287833816475338,0.0235737928568765,-0.0052095887906573,-18.099293732929738
CESM2-WACCM,od550aer,zonal_mean_crps,northern_hemisphere,0.0479865397016207,0.0349236921855697,-0.013062847516051,-27.22189930191995
CESM2-WACCM,od550aer,zonal_mean_crps,southern_hemisphere,0.0181557021759174,0.0188282314549993,0.0006725292790819,3.7042317205113777
CESM2-WACCM,od550aer,zonal_mean_crps,tropics,0.0093977355432731,0.0113664383275641,0.001968702784291,20.948693174285086
CESM2-WACCM,od550aer,zonal_mean_crps_anomaly,global,0.0048896693245128,0.0067289759508437,0.0018393066263309,37.61617615142464
CESM2-WACCM,od550aer,zonal_mean_crps_anomaly,northern_hemisphere,0.0078815293808778,0.0094252605129171,0.0015437311320393,19.586695137935088
CESM2-WACCM,od550aer,zonal_mean_crps_anomaly,southern_hemisphere,0.0041060319791237,0.0077445691106496,0.0036385371315258,88.61443724805902
CESM2-WACCM,od550aer,zonal_mean_crps_anomaly,tropics,0.0067812190977511,0.0080885704330824,0.0013073513353312,19.279001555410595
CESM2-WACCM,od550aer,zonal_mean_crps_bias_adjusted,global,0.0063806674132744,0.0072965522055272,0.0009158847922528,14.354059425623747
CESM2-WACCM,od550aer,zonal_mean_crps_bias_adjusted,northern_hemisphere,0.0186957598008491,0.0146337818630315,-0.0040619779378175,-21.726733660929263
CESM2-WACCM,od550aer,zonal_mean_crps_bias_adjusted,southern_hemisphere,0.0135174865454987,0.0142351053241226,0.0007176187786239,5.308818146098936
CESM2-WACCM,od550aer,zonal_mean_crps_bias_adjusted,tropics,0.0092427341474427,0.0108060536147267,0.001563319467284,16.914036932638655
CESM2-WACCM,pr,zonal_mean_crps,global,2.5947046786448616e-06,2.809381846789081e-06,2.146771681442193e-07,8.273664818623553
CESM2-WACCM,pr,zonal_mean_crps,northern_hemisphere,2.60176665405096e-06,2.9653708123886547e-06,3.636041583376945e-07,13.97527936533284
CESM2-WACCM,pr,zonal_mean_crps,southern_hemisphere,2.3774657738276464e-06,2.4510503644032055e-06,7.358459057555914e-08,3.0950851694950043
CESM2-WACCM,pr,zonal_mean_crps,tropics,4.34215307568256e-06,4.4811021965600684e-06,1.389491208775083e-07,3.200005123164994
CESM2-WACCM,pr,zonal_mean_crps_anomaly,global,3.503236510166769e-07,4.228843560364718e-07,7.256070501979492e-08,20.712476822280184
CESM2-WACCM,pr,zonal_mean_crps_anomaly,northern_hemisphere,8.012698412198074e-07,8.000582359575977e-07,-1.211605262209684e-09,-0.1512106408953575
CESM2-WACCM,pr,zonal_mean_crps_anomaly,southern_hemisphere,7.823500002107015e-07,9.035980686652086e-07,1.2124806845450717e-07,15.497931670205508
CESM2-WACCM,pr,zonal_mean_crps_anomaly,tropics,6.329687696254243e-07,7.272680132128126e-07,9.429924358738836e-08,14.897929899952626
CESM2-WACCM,pr,zonal_mean_crps_bias_adjusted,global,5.575606219618176e-07,6.044598531271159e-07,4.689923116529826e-08,8.411503488226966
CESM2-WACCM,pr,zonal_mean_crps_bias_adjusted,northern_hemisphere,1.2774332625903534e-06,1.3596514152056811e-06,8.221815261532798e-08,6.436199449559317
CESM2-WACCM,pr,zonal_mean_crps_bias_adjusted,southern_hemisphere,1.4524433346970771e-06,1.6090011723901154e-06,1.565578376930381e-07,10.778929129492676
CESM2-WACCM,pr,zonal_mean_crps_bias_adjusted,tropics,7.325054597189322e-07,8.787540840179039e-07,1.462486242989717e-07,19.965533684225147
CESM2-WACCM,tas,zonal_mean_crps,global,0.2874540595289405,0.2919723939830904,0.0045183344541498,1.5718457626078497
CESM2-WACCM,tas,zonal_mean_crps,northern_hemisphere,0.686022005965205,0.587273263754544,-0.0987487422106609,-14.39439862745008
CESM2-WACCM,tas,zonal_mean_crps,southern_hemisphere,0.4005992422430909,0.3988302781268467,-0.0017689641162441,-0.4415794963413149
CESM2-WACCM,tas,zonal_mean_crps,tropics,0.2804192651290395,0.2657146250440939,-0.0147046400849455,-5.243805227925036
CESM2-WACCM,tas,zonal_mean_crps_anomaly,global,0.1201677757252977,0.125994705691131,0.0058269299658333,4.848995440469518
CESM2-WACCM,tas,zonal_mean_crps_anomaly,northern_hemisphere,0.1468049541549462,0.1602531858183377,0.0134482316633914,9.160611602519516
CESM2-WACCM,tas,zonal_mean_crps_anomaly,southern_hemisphere,0.1250006967258635,0.1200823016664592,-0.0049183950594042,-3.934694116298188
CESM2-WACCM,tas,zonal_mean_crps_anomaly,tropics,0.186636744369452,0.1524516747929191,-0.0341850695765328,-18.316366207536657
CESM2-WACCM,tas,zonal_mean_crps_bias_adjusted,global,0.2653371853159154,0.271628958298944,0.0062917729830286,2.3712368002764213
CESM2-WACCM,tas,zonal_mean_crps_bias_adjusted,northern_hemisphere,0.2829815773723883,0.307225371244409,0.0242437938720206,8.567269324432798
CESM2-WACCM,tas,zonal_mean_crps_bias_adjusted,southern_hemisphere,0.3404813689028746,0.3378588441881671,-0.0026225247147075,-0.7702402992440048
CESM2-WACCM,tas,zonal_mean_crps_bias_adjusted,tropics,0.1971795647945141,0.1646800922909703,-0.0324994725035438,-16.48217072464502
CESM2-WACCM,tos,zonal_mean_crps,global,0.5675294222655121,0.4819056104730677,-0.0856238117924443,-15.087114153596469
CESM2-WACCM,tos,zonal_mean_crps,northern_hemisphere,0.7027853312315765,0.5409413072797987,-0.1618440239517777,-23.028941663901655
CESM2-WACCM,tos,zonal_mean_crps,southern_hemisphere,0.4458028298837167,0.4141510283505474,-0.0316518015331692,-7.09995527426897
CESM2-WACCM,tos,zonal_mean_crps,tropics,0.6371090553424976,0.562069665061103,-0.0750393902813946,-11.77810763355967
CESM2-WACCM,tos,zonal_mean_crps_anomaly,global,0.0888417791437219,0.0801889048682318,-0.00865287427549,-9.739645422332304
CESM2-WACCM,tos,zonal_mean_crps_anomaly,northern_hemisphere,0.1063531257488109,0.0990261166184036,-0.0073270091304072,-6.88932185003429
CESM2-WACCM,tos,zonal_mean_crps_anomaly,southern_hemisphere,0.084485297732883,0.0737694236967298,-0.0107158740361531,-12.683714591423357
CESM2-WACCM,tos,zonal_mean_crps_anomaly,tropics,0.1682715645542851,0.1412184803574173,-0.0270530841968677,-16.0770384874744
CESM2-WACCM,tos,zonal_mean_crps_bias_adjusted,global,0.1070659584469265,0.1076592957531964,0.0005933373062698,0.5541792320142725
CESM2-WACCM,tos,zonal_mean_crps_bias_adjusted,northern_hemisphere,0.1333882314187509,0.1354000285819724,0.0020117971632215,1.5082268816548523
CESM2-WACCM,tos,zonal_mean_crps_bias_adjusted,southern_hemisphere,0.1094218271749991,0.1035667728494714,-0.0058550543255276,-5.350901622364248
CESM2-WACCM,tos,zonal_mean_crps_bias_adjusted,tropics,0.1724872712735776,0.1476639941886619,-0.0248232770849156,-14.39136749142731
CanESM5,clt,zonal_mean_crps,global,1.1466582580848976,1.4192299136409052,0.2725716555560076,23.770958228761703
CanESM5,clt,zonal_mean_crps,northern_hemisphere,2.1145421946490255,2.0706548584832087,-0.0438873361658167,-2.075500610811942
CanESM5,clt,zonal_mean_crps,southern_hemisphere,1.6095641489382144,1.8521923983538593,0.2426282494156448,15.07415840342245
CanESM5,clt,zonal_mean_crps,tropics,1.655852448498761,1.710646120707194,0.054793672208433,3.309091474793565
CanESM5,clt,zonal_mean_crps_anomaly,global,0.3264199044969347,0.3828996976216634,0.0564797931247287,17.302803029666077
CanESM5,clt,zonal_mean_crps_anomaly,northern_hemisphere,0.4687618432221589,0.5175720250165021,0.0488101817943432,10.412575703438971
CanESM5,clt,zonal_mean_crps_anomaly,southern_hemisphere,0.4484303686353895,0.5441174118607132,0.0956870432253236,21.33821657005683
CanESM5,clt,zonal_mean_crps_anomaly,tropics,0.5277688238355849,0.6347373255976925,0.1069685017621075,20.26805997836495
CanESM5,clt,zonal_mean_crps_bias_adjusted,global,0.5384954099301938,0.5409003716927988,0.0024049617626049,0.4466076624342484
CanESM5,clt,zonal_mean_crps_bias_adjusted,northern_hemisphere,1.49975250032213,1.517805834169741,0.0180533338476107,1.2037542090266966
CanESM5,clt,zonal_mean_crps_bias_adjusted,southern_hemisphere,1.5698714715463142,1.7181241706565575,0.1482526991102433,9.443620181479906
CanESM5,clt,zonal_mean_crps_bias_adjusted,tropics,1.2481729966622812,1.232517825232612,-0.0156551714296693,-1.254246925028226
CanESM5,od550aer,zonal_mean_crps,global,0.0241751433522612,0.0292419051337573,0.005066761781496,20.95855940817866
CanESM5,od550aer,zonal_mean_crps,northern_hemisphere,0.0322953164784444,0.0344478494177261,0.0021525329392817,6.665155118447065
CanESM5,od550aer,zonal_mean_crps,southern_hemisphere,0.0431101948988658,0.0515836915622154,0.0084734966633496,19.655435757662453
CanESM5,od550aer,zonal_mean_crps,tropics,0.0377471140965267,0.0367124643107807,-0.001034649785746,-2.741003678056644
CanESM5,od550aer,zonal_mean_crps_anomaly,global,0.0085401655347258,0.0099478402968358,0.0014076747621099,16.482991534368388
CanESM5,od550aer,zonal_mean_crps_anomaly,northern_hemisphere,0.0160691740957123,0.0174018338322639,0.0013326597365516,8.293268394591667
CanESM5,od550aer,zonal_mean_crps_anomaly,southern_hemisphere,0.0037101038352206,0.0084767267245937,0.004766622889373,128.47680553095634
CanESM5,od550aer,zonal_mean_crps_anomaly,tropics,0.008625734059347,0.0097234338728917,0.0010976998135447,12.725871282285276
CanESM5,od550aer,zonal_mean_crps_bias_adjusted,global,0.0167546755530768,0.0183898072551797,0.0016351317021029,9.759256136730874
CanESM5,od550aer,zonal_mean_crps_bias_adjusted,northern_hemisphere,0.0327208102232328,0.0342727808350766,0.0015519706118437,4.743069017104722
CanESM5,od550aer,zonal_mean_crps_bias_adjusted,southern_hemisphere,0.014170316737835,0.0159678638050401,0.0017975470672051,12.685299139472455
CanESM5,od550aer,zonal_mean_crps_bias_adjusted,tropics,0.0117746153501448,0.0123145205693112,0.0005399052191663,4.5853321158361595
CanESM5,pr,zonal_mean_crps,global,2.132647787894476e-06,2.557329391358373e-06,4.246816034638969e-07,19.913349305708714
CanESM5,pr,zonal_mean_crps,northern_hemisphere,2.708826445154113e-06,2.863388728521251e-06,1.5456228336713822e-07,5.705876197555534
CanESM5,pr,zonal_mean_crps,southern_hemisphere,2.827885117329532e-06,3.027685266311487e-06,1.99800148981955e-07,7.065355935344115
CanESM5,pr,zonal_mean_crps,tropics,5.618189159038054e-06,5.999358732137975e-06,3.811695730999214e-07,6.784562824602104
CanESM5,pr,zonal_mean_crps_anomaly,global,3.868652432477878e-07,4.067129894893797e-07,1.984774624159194e-08,5.130403050676597
CanESM5,pr,zonal_mean_crps_anomaly,northern_hemisphere,7.751302493690875e-07,7.886813785228662e-07,1.3551129153778653e-08,1.7482389785211594
CanESM5,pr,zonal_mean_crps_anomaly,southern_hemisphere,7.15160039935317e-07,8.077342634485966e-07,9.25742235132796e-08,12.94454644329016
CanESM5,pr,zonal_mean_crps_anomaly,tropics,6.149993101576843e-07,6.810601748670537e-07,6.606086470936945e-08,10.741616066598777
CanESM5,pr,zonal_mean_crps_bias_adjusted,global,5.942828465776983e-07,6.246692447786228e-07,3.038639820092453e-08,5.113120524327926
CanESM5,pr,zonal_mean_crps_bias_adjusted,northern_hemisphere,2.3591470347094364e-06,2.195700985625822e-06,-1.634460490836145e-07,-6.928184071568277
CanESM5,pr,zonal_mean_crps_bias_adjusted,southern_hemisphere,1.7618579039225115e-06,1.8878906269458608e-06,1.2603272302334886e-07,7.153398849178242
CanESM5,pr,zonal_mean_crps_bias_adjusted,tropics,6.86433637990073e-07,8.289847722119669e-07,1.4255113422189386e-07,20.766921422920618
CanESM5,tas,zonal_mean_crps,global,0.2256712140375971,0.2991184001824149,0.0734471861448178,32.54610316962332
CanESM5,tas,zonal_mean_crps,northern_hemisphere,0.3944990906406347,0.6581309972835762,0.2636319066429414,66.82699983283216
CanESM5,tas,zonal_mean_crps,southern_hemisphere,0.3440525488851411,0.3060041271238569,-0.0380484217612842,-11.058898381824322
CanESM5,tas,zonal_mean_crps,tropics,0.6734301117234612,0.7375771268793856,0.0641470151559243,9.525415338461404
CanESM5,tas,zonal_mean_crps_anomaly,global,0.1447829479865546,0.1214776973168611,-0.0233052506696935,-16.096681959990057
CanESM5,tas,zonal_mean_crps_anomaly,northern_hemisphere,0.1987455606725345,0.1732328255393715,-0.0255127351331629,-12.83688302110019
CanESM5,tas,zonal_mean_crps_anomaly,southern_hemisphere,0.1175478914541136,0.1164338772019808,-0.0011140142521327,-0.9477109613383748
CanESM5,tas,zonal_mean_crps_anomaly,tropics,0.1510447005086879,0.149475893386021,-0.0015688071226668,-1.0386376465930005
CanESM5,tas,zonal_mean_crps_bias_adjusted,global,0.2045691063060022,0.1806383790055139,-0.0239307273004882,-11.6981140176131
CanESM5,tas,zonal_mean_crps_bias_adjusted,northern_hemisphere,0.2374737915036193,0.2241494222235376,-0.0133243692800816,-5.610879918880892
CanESM5,tas,zonal_mean_crps_bias_adjusted,southern_hemisphere,0.3493792171517036,0.3165338000233194,-0.0328454171283842,-9.401079261713072
CanESM5,tas,zonal_mean_crps_bias_adjusted,tropics,0.1615859456584846,0.1614413975533444,-0.0001445481051402,-0.0894558648347608
CanESM5,tos,zonal_mean_crps,global,0.1504685154667607,0.1482240623897976,-0.002244453076963,-1.4916429992019782
CanESM5,tos,zonal_mean_crps,northern_hemisphere,0.1336815427850793,0.1251004289697717,-0.0085811138153076,-6.419071501219513
CanESM5,tos,zonal_mean_crps,southern_hemisphere,0.1964763650187739,0.1477079841825697,-0.0487683808362042,-24.821499945575763
CanESM5,tos,zonal_mean_crps,tropics,0.4283945684079771,0.4037530563495777,-0.0246415120583994,-5.752059870874072
CanESM5,tos,zonal_mean_crps_anomaly,global,0.0879057389718514,0.0639984254483823,-0.0239073135234691,-27.196533244689007
CanESM5,tos,zonal_mean_crps_anomaly,northern_hemisphere,0.12205390047144,0.0848534795973036,-0.0372004208741364,-30.478682557827103
CanESM5,tos,zonal_mean_crps_anomaly,southern_hemisphere,0.0646332025527954,0.0582503716150919,-0.0063828309377034,-9.875467539287806
CanESM5,tos,zonal_mean_crps_anomaly,tropics,0.1351046844764992,0.1322200404273139,-0.0028846440491852,-2.1351177128777175
CanESM5,tos,zonal_mean_crps_bias_adjusted,global,0.0900857572202329,0.0679746539504439,-0.0221111032697889,-24.544505093889455
CanESM5,tos,zonal_mean_crps_bias_adjusted,northern_hemisphere,0.1315235438170256,0.0886331946761519,-0.0428903491408736,-32.6103965085843
CanESM5,tos,zonal_mean_crps_bias_adjusted,southern_hemisphere,0.0669516678209658,0.0616678405691076,-0.0052838272518581,-7.892002430749827
CanESM5,tos,zonal_mean_crps_bias_adjusted,tropics,0.1398292223612467,0.1356945550000226,-0.0041346673612241,-2.956940824960223
EC-Earth3-Veg,pr,zonal_mean_crps,global,2.5939178360406205e-06,2.8622707085796045e-06,2.68352872538984e-07,10.345465411834333
EC-Earth3-Veg,pr,zonal_mean_crps,northern_hemisphere,1.98243286562232e-06,1.9569351361833808e-06,-2.5497729438939386e-08,-1.2861837533618172
EC-Earth3-Veg,pr,zonal_mean_crps,southern_hemisphere,4.387047930423351e-06,4.811026868386155e-06,4.239789379628044e-07,9.66433338971727
EC-Earth3-Veg,pr,zonal_mean_crps,tropics,4.127086571383255e-06,4.354160969173622e-06,2.270743977903674e-07,5.502050753305618
EC-Earth3-Veg,pr,zonal_mean_crps_anomaly,global,3.534690626515335e-07,4.130737545859086e-07,5.960469193437512e-08,16.862774775040567
EC-Earth3-Veg,pr,zonal_mean_crps_anomaly,northern_hemisphere,6.584194478717918e-07,6.831909424228664e-07,2.4771494551074655e-08,3.7622665355866265
EC-Earth3-Veg,pr,zonal_mean_crps_anomaly,southern_hemisphere,6.58943557667684e-07,8.014061862653492e-07,1.4246262859766525e-07,21.619853011676533
EC-Earth3-Veg,pr,zonal_mean_crps_anomaly,tropics,5.602325203384411e-07,7.339337403040931e-07,1.7370121996565197e-07,31.00520117266981
EC-Earth3-Veg,pr,zonal_mean_crps_bias_adjusted,global,4.2982139887128674e-07,4.943125734118642e-07,6.449117454057747e-08,15.004179575500808
EC-Earth3-Veg,pr,zonal_mean_crps_bias_adjusted,northern_hemisphere,1.880298854033484e-06,1.8636670877943591e-06,-1.6631766239125035e-08,-0.8845278080900675
EC-Earth3-Veg,pr,zonal_mean_crps_bias_adjusted,southern_hemisphere,2.0645303990291995e-06,2.1825528569428978e-06,1.1802245791369826e-07,5.716673291378793
EC-Earth3-Veg,pr,zonal_mean_crps_bias_adjusted,tropics,8.078330278362113e-07,1.0237414985399314e-06,2.159084707037201e-07,26.72686845721486
EC-Earth3-Veg,tas,zonal_mean_crps,global,0.2386681586083609,0.1995246897248102,-0.0391434688835506,-16.400792259759545
EC-Earth3-Veg,tas,zonal_mean_crps,northern_hemisphere,0.4247370825579645,0.4519356424108061,0.0271985598528415,6.403622610260243
EC-Earth3-Veg,tas,zonal_mean_crps,southern_hemisphere,1.0007006064794794,0.9575873042672264,-0.043113302212253,-4.308311790069566
EC-Earth3-Veg,tas,zonal_mean_crps,tropics,0.2923310163927697,0.3435581879800957,0.0512271715873259,17.523686750535628
EC-Earth3-Veg,tas,zonal_mean_crps_anomaly,global,0.0988674134943949,0.104791179762853,0.005923766268458,5.991626623056997
EC-Earth3-Veg,tas,zonal_mean_crps_anomaly,northern_hemisphere,0.1272321384951173,0.1358379751694062,0.0086058366742889,6.763885898702549
EC-Earth3-Veg,tas,zonal_mean_crps_anomaly,southern_hemisphere,0.1174194998295809,0.1114716761009601,-0.0059478237286207,-5.065448019497003
EC-Earth3-Veg,tas,zonal_mean_crps_anomaly,tropics,0.1431559902674187,0.1215875642381843,-0.0215684260292343,-15.066380379154264
EC-Earth3-Veg,tas,zonal_mean_crps_bias_adjusted,global,0.1520075304909784,0.1385397069744433,-0.0134678235165351,-8.85997126131491
EC-Earth3-Veg,tas,zonal_mean_crps_bias_adjusted,northern_hemisphere,0.2707927642518567,0.2732159203459608,0.002423156094104,0.8948378295109783
EC-Earth3-Veg,tas,zonal_mean_crps_bias_adjusted,southern_hemisphere,0.3794499509057875,0.3536377202905169,-0.0258122306152706,-6.8025389260570615
EC-Earth3-Veg,tas,zonal_mean_crps_bias_adjusted,tropics,0.184212796078646,0.1577455999202456,-0.0264671961584004,-14.367729453007568
EC-Earth3-Veg,tos,zonal_mean_crps,global,0.0,0.937380513438472,0.0,0.0
EC-Earth3-Veg,tos,zonal_mean_crps,northern_hemisphere,0.0,0.2294157028198242,0.0,0.0
EC-Earth3-Veg,tos,zonal_mean_crps,southern_hemisphere,0.0,1.6095517105526396,0.0,0.0
EC-Earth3-Veg,tos,zonal_mean_crps,tropics,0.0,0.4949048784044054,0.0,0.0
EC-Earth3-Veg,tos,zonal_mean_crps_anomaly,global,0.0,0.0665059919710512,0.0,0.0
EC-Earth3-Veg,tos,zonal_mean_crps_anomaly,northern_hemisphere,0.0,0.0675108768321849,0.0,0.0
EC-Earth3-Veg,tos,zonal_mean_crps_anomaly,southern_hemisphere,0.0,0.0741024617795591,0.0,0.0
EC-Earth3-Veg,tos,zonal_mean_crps_anomaly,tropics,0.0,0.1075032658047146,0.0,0.0
EC-Earth3-Veg,tos,zonal_mean_crps_bias_adjusted,global,0.0,0.1172623581356472,0.0,0.0
EC-Earth3-Veg,tos,zonal_mean_crps_bias_adjusted,northern_hemisphere,0.0,0.2600863809938784,0.0,0.0
EC-Earth3-Veg,tos,zonal_mean_crps_bias_adjusted,southern_hemisphere,0.0,0.3922335218500208,0.0,0.0
EC-Earth3-Veg,tos,zonal_mean_crps_bias_adjusted,tropics,0.0,0.111399922547517,0.0,0.0
EC-Earth3-Veg-LR,clt,zonal_mean_crps,global,2.242132352899622,2.43643067324603,0.1942983203464079,8.665782824779855
EC-Earth3-Veg-LR,clt,zonal_mean_crps,northern_hemisphere,1.3075436274210612,1.199246572565149,-0.1082970548559119,-8.282481179577312
EC-Earth3-Veg-LR,clt,zonal_mean_crps,southern_hemisphere,3.9761293022720903,4.174103959401449,0.1979746571293583,4.979079956384445
EC-Earth3-Veg-LR,clt,zonal_mean_crps,tropics,3.604921051307961,3.605045823697691,0.0001247723897299,0.003461168440421
EC-Earth3-Veg-LR,clt,zonal_mean_crps_anomaly,global,0.3083741258691859,0.4331101700111672,0.1247360441419813,40.44958175086812
EC-Earth3-Veg-LR,clt,zonal_mean_crps_anomaly,northern_hemisphere,0.4806974128440575,0.570144925294099,0.0894475124500415,18.607862255971632
EC-Earth3-Veg-LR,clt,zonal_mean_crps_anomaly,southern_hemisphere,0.459393384721544,0.6610401612740977,0.2016467765525537,43.89414024208894
EC-Earth3-Veg-LR,clt,zonal_mean_crps_anomaly,tropics,0.4833641193531177,0.6778310104652687,0.1944668911121509,40.231966611920726
EC-Earth3-Veg-LR,clt,zonal_mean_crps_bias_adjusted,global,0.6090097427368164,0.6744963469328705,0.0654866041960541,10.752964952870082
EC-Earth3-Veg-LR,clt,zonal_mean_crps_bias_adjusted,northern_hemisphere,1.2649603525797526,1.153941786730731,-0.1110185658490217,-8.776446283285567
EC-Earth3-Veg-LR,clt,zonal_mean_crps_bias_adjusted,southern_hemisphere,1.735290160002532,1.6448593069005897,-0.0904308531019424,-5.211281386036932
EC-Earth3-Veg-LR,clt,zonal_mean_crps_bias_adjusted,tropics,0.8635420269436306,1.0290363276446306,0.165494300701,19.16459136178244
EC-Earth3-Veg-LR,pr,zonal_mean_crps,global,1.752401909403421e-06,2.0035976225093084e-06,2.511957131058874e-07,14.334366549018611
EC-Earth3-Veg-LR,pr,zonal_mean_crps,northern_hemisphere,1.9829331618152705e-06,1.888460905387614e-06,-9.44722564276566e-08,-4.764268319622647
EC-Earth3-Veg-LR,pr,zonal_mean_crps,southern_hemisphere,3.966454562908405e-06,4.419278448713831e-06,4.528238858054261e-07,11.416338662742495
EC-Earth3-Veg-LR,pr,zonal_mean_crps,tropics,3.0873988517096557e-06,3.283701661766153e-06,1.963028100564975e-07,6.358194048941693
EC-Earth3-Veg-LR,pr,zonal_mean_crps_anomaly,global,3.376482928379793e-07,4.15364743107434e-07,7.77164502694547e-08,23.016983031733258
EC-Earth3-Veg-LR,pr,zonal_mean_crps_anomaly,northern_hemisphere,6.810850327046528e-07,7.474700211147407e-07,6.638498841008791e-08,9.746945714908293
EC-Earth3-Veg-LR,pr,zonal_mean_crps_anomaly,southern_hemisphere,6.219298130518939e-07,9.395397851390212e-07,3.176099720871274e-07,51.06845908038598
EC-Earth3-Veg-LR,pr,zonal_mean_crps_anomaly,tropics,5.751700983738476e-07,6.98235901466062e-07,1.2306580309221444e-07,21.39641880552428
EC-Earth3-Veg-LR,pr,zonal_mean_crps_bias_adjusted,global,3.891417842775506e-07,5.050077679361157e-07,1.1586598365856509e-07,29.774747493043584
EC-Earth3-Veg-LR,pr,zonal_mean_crps_bias_adjusted,northern_hemisphere,2.0212114644959068e-06,1.878238078831971e-06,-1.4297338566393588e-07,-7.0736480657947185
EC-Earth3-Veg-LR,pr,zonal_mean_crps_bias_adjusted,southern_hemisphere,2.286813014507061e-06,2.308259910124535e-06,2.144689561747419e-08,0.9378508641248584
EC-Earth3-Veg-LR,pr,zonal_mean_crps_bias_adjusted,tropics,8.626683329229882e-07,1.0620097310931196e-06,1.993413981701314e-07,23.107536298996955
EC-Earth3-Veg-LR,tas,zonal_mean_crps,global,0.32201698460435,0.3493603220860202,0.0273433374816702,8.491271823834367
EC-Earth3-Veg-LR,tas,zonal_mean_crps,northern_hemisphere,1.304251225104463,1.327141010420137,0.0228897853156746,1.7550135184915248
EC-Earth3-Veg-LR,tas,zonal_mean_crps,southern_hemisphere,0.7344122880014238,0.6761380347354249,-0.0582742532659988,-7.93481457460117
EC-Earth3-Veg-LR,tas,zonal_mean_crps,tropics,0.8193095719665046,0.8905857446730521,0.0712761727065475,8.699541070351545
EC-Earth3-Veg-LR,tas,zonal_mean_crps_anomaly,global,0.0984060773558344,0.1145195037477957,0.0161134263919612,16.37442201226597
EC-Earth3-Veg-LR,tas,zonal_mean_crps_anomaly,northern_hemisphere,0.1355178460291886,0.1341582590651746,-0.001359586964014,-1.0032530798350847
EC-Earth3-Veg-LR,tas,zonal_mean_crps_anomaly,southern_hemisphere,0.1021585429025032,0.1333546972395644,0.0311961543370612,30.537000089002653
EC-Earth3-Veg-LR,tas,zonal_mean_crps_anomaly,tropics,0.1146860637675237,0.1546469991732796,0.0399609354057559,34.84375877330607
EC-Earth3-Veg-LR,tas,zonal_mean_crps_bias_adjusted,global,0.1588867384295907,0.1497637421954298,-0.0091229962341608,-5.741823593542787
EC-Earth3-Veg-LR,tas,zonal_mean_crps_bias_adjusted,northern_hemisphere,0.3604844633736721,0.3555747563515503,-0.0049097070221218,-1.3619746538237143
EC-Earth3-Veg-LR,tas,zonal_mean_crps_bias_adjusted,southern_hemisphere,0.4245656289883258,0.3970763368634477,-0.0274892921248781,-6.47468618464967
EC-Earth3-Veg-LR,tas,zonal_mean_crps_bias_adjusted,tropics,0.1612772371197078,0.1875585548198873,0.0262813177001795,16.295739045102966
EC-Earth3-Veg-LR,tos,zonal_mean_crps,global,0.6646057729367857,0.5327336081752071,-0.1318721647615786,-19.84216360006275
EC-Earth3-Veg-LR,tos,zonal_mean_crps,northern_hemisphere,0.4251455359988742,0.5497623637870507,0.1246168277881764,29.31156915369951
EC-Earth3-Veg-LR,tos,zonal_mean_crps,southern_hemisphere,1.5430554610711558,1.443759497889766,-0.0992959631813898,-6.435022310375077
EC-Earth3-Veg-LR,tos,zonal_mean_crps,tropics,0.1749770976878978,0.1343635347154405,-0.0406135629724573,-23.210787874021484
EC-Earth3-Veg-LR,tos,zonal_mean_crps_anomaly,global,0.0576159441912615,0.0712335180353235,0.0136175738440619,23.635078857437673
EC-Earth3-Veg-LR,tos,zonal_mean_crps_anomaly,northern_hemisphere,0.0694904627623381,0.070802859906797,0.0013123971444589,1.888600380957897
EC-Earth3-Veg-LR,tos,zonal_mean_crps_anomaly,southern_hemisphere,0.0568472270612363,0.0845100862008554,0.027662859139619,48.66175637700035
EC-Earth3-Veg-LR,tos,zonal_mean_crps_anomaly,tropics,0.0986666220205801,0.1360165666650842,0.0373499446445041,37.85469075521162
EC-Earth3-Veg-LR,tos,zonal_mean_crps_bias_adjusted,global,0.170219467304371,0.1528292744248001,-0.0173901928795708,-10.21633609537462
EC-Earth3-Veg-LR,tos,zonal_mean_crps_bias_adjusted,northern_hemisphere,0.2315924132311785,0.2402520268051712,0.0086596135739927,3.739161163862733
EC-Earth3-Veg-LR,tos,zonal_mean_crps_bias_adjusted,southern_hemisphere,0.4747881209408796,0.4472098032633463,-0.0275783176775332,-5.808552586126572
EC-Earth3-Veg-LR,tos,zonal_mean_crps_bias_adjusted,tropics,0.1106822119818793,0.1433337600142867,0.0326515480324074,29.500266978539464
FGOALS-g3,clt,zonal_mean_crps,global,13.083561011376274,12.970645810140107,-0.1129152012361665,-0.863031105507023
FGOALS-g3,clt,zonal_mean_crps,northern_hemisphere,10.67445651248393,10.470050483552658,-0.2044060289312721,-1.9149080676118388
FGOALS-g3,clt,zonal_mean_crps,southern_hemisphere,15.340629299563284,15.339373650887737,-0.0012556486755492,-0.008185118426563
FGOALS-g3,clt,zonal_mean_crps,tropics,11.617721095510785,11.355848201690824,-0.2618728938199606,-2.2540814301451184
FGOALS-g3,clt,zonal_mean_crps_anomaly,global,0.323713315195825,0.3919774542130892,0.0682641390172642,21.08783785306112
FGOALS-g3,clt,zonal_mean_crps_anomaly,northern_hemisphere,0.4663428091842329,0.4516217847446538,-0.014721024439579,-3.1566959218971027
FGOALS-g3,clt,zonal_mean_crps_anomaly,southern_hemisphere,0.455756076725754,0.6246194282053528,0.1688633514795987,37.051256165962286
FGOALS-g3,clt,zonal_mean_crps_anomaly,tropics,0.5110350786861692,0.661685577061562,0.1506504983753928,29.479482849338513
FGOALS-g3,clt,zonal_mean_crps_bias_adjusted,global,0.9107606099065976,0.9419938273995712,0.0312332174929736,3.429355327101465
FGOALS-g3,clt,zonal_mean_crps_bias_adjusted,northern_hemisphere,3.3985402107688603,3.5927374844579716,0.1941972736891113,5.714137884076339
FGOALS-g3,clt,zonal_mean_crps_bias_adjusted,southern_hemisphere,2.300657397026596,2.32958823253138,0.0289308355047843,1.2575029877188588
FGOALS-g3,clt,zonal_mean_crps_bias_adjusted,tropics,1.3282547940030232,1.3656693289946966,0.0374145349916734,2.8168191193886485
FGOALS-g3,pr,zonal_mean_crps,global,8.90193664004106e-07,1.016079654055464e-06,1.2588599005135818e-07,14.141416091990692
FGOALS-g3,pr,zonal_mean_crps,northern_hemisphere,1.448474918282818e-06,1.486143920344509e-06,3.766900206169097e-08,2.6005974688431586
FGOALS-g3,pr,zonal_mean_crps,southern_hemisphere,1.891586965750912e-06,2.265039485690916e-06,3.734525199400039e-07,19.74281524993236
FGOALS-g3,pr,zonal_mean_crps,tropics,2.8393192806998387e-06,2.9021226225723976e-06,6.280334187255892e-08,2.211915450983698
FGOALS-g3,pr,zonal_mean_crps_anomaly,global,3.507465646258348e-07,4.116378572766178e-07,6.089129265078293e-08,17.360481553323208
FGOALS-g3,pr,zonal_mean_crps_anomaly,northern_hemisphere,7.443440326806286e-07,7.52633240874533e-07,8.289208193904386e-09,1.1136259350467566
FGOALS-g3,pr,zonal_mean_crps_anomaly,southern_hemisphere,7.257926562535545e-07,8.124354017354179e-07,8.66427454818634e-08,11.93767183166357
FGOALS-g3,pr,zonal_mean_crps_anomaly,tropics,5.947362361862234e-07,6.887986463753762e-07,9.406241018915282e-08,15.815819596319344
FGOALS-g3,pr,zonal_mean_crps_bias_adjusted,global,5.650986990350674e-07,6.194053596510002e-07,5.4306660615932794e-08,9.610119561178244
FGOALS-g3,pr,zonal_mean_crps_bias_adjusted,northern_hemisphere,1.4261387314346789e-06,1.4384345418605974e-06,1.2295810425918784e-08,0.8621749171309123
FGOALS-g3,pr,zonal_mean_crps_bias_adjusted,southern_hemisphere,1.2330516757787551e-06,1.2674389050307472e-06,3.4387229251992076e-08,2.788790602005729
FGOALS-g3,pr,zonal_mean_crps_bias_adjusted,tropics,8.742373258453617e-07,9.980874393510072e-07,1.238501135056455e-07,14.166646726721044
FGOALS-g3,tas,zonal_mean_crps,global,0.6895318202433155,0.7390696859639206,0.0495378657206051,7.184275513655727
FGOALS-g3,tas,zonal_mean_crps,northern_hemisphere,0.8500776631556078,0.9661621584415752,0.1160844952859674,13.655751740969812
FGOALS-g3,tas,zonal_mean_crps,southern_hemisphere,0.5255739667221839,0.5092804447759304,-0.0162935219462535,-3.1001387012888784
FGOALS-g3,tas,zonal_mean_crps,tropics,0.1505630832224639,0.1720019293675032,0.0214388461450393,14.239112062657815
FGOALS-g3,tas,zonal_mean_crps_anomaly,global,0.0767464240322825,0.1154123635690183,0.0386659395367358,50.381421706985854
FGOALS-g3,tas,zonal_mean_crps_anomaly,northern_hemisphere,0.1055731387202863,0.1304557146523688,0.0248825759320824,23.56904060417134
FGOALS-g3,tas,zonal_mean_crps_anomaly,southern_hemisphere,0.0923363528798326,0.1241386229965927,0.03180227011676,34.441765485526425
FGOALS-g3,tas,zonal_mean_crps_anomaly,tropics,0.114883559982284,0.1527933599452176,0.0379097999629336,32.9984551042635
FGOALS-g3,tas,zonal_mean_crps_bias_adjusted,global,0.141875174846846,0.1515946179580382,0.0097194431111921,6.850700358032551
FGOALS-g3,tas,zonal_mean_crps_bias_adjusted,northern_hemisphere,0.2555559407606706,0.2905976455200295,0.0350417047593589,13.71195075921778
FGOALS-g3,tas,zonal_mean_crps_bias_adjusted,southern_hemisphere,0.3426278430498268,0.3254778971915305,-0.0171499458582963,-5.00541511910996
FGOALS-g3,tas,zonal_mean_crps_bias_adjusted,tropics,0.1452218721239393,0.1765505305093171,0.0313286583853778,21.572961377774025
FGOALS-g3,tos,zonal_mean_crps,global,0.1366548750135633,0.1795945626718026,0.0429396876582392,31.421994754286946
FGOALS-g3,tos,zonal_mean_crps,northern_hemisphere,0.5067782048825864,0.7202823479970296,0.2135041431144432,42.12970113107157
FGOALS-g3,tos,zonal_mean_crps,southern_hemisphere,0.2166412662576746,0.1977103666022971,-0.0189308996553774,-8.738362723960853
FGOALS-g3,tos,zonal_mean_crps,tropics,0.2143754552911829,0.1761672337849935,-0.0382082215061894,-17.823039234735045
FGOALS-g3,tos,zonal_mean_crps_anomaly,global,0.0473434377599645,0.0735713393599898,0.0262279016000253,55.39923343337069
FGOALS-g3,tos,zonal_mean_crps_anomaly,northern_hemisphere,0.0662552727593316,0.0803989710631194,0.0141436983037878,21.34727956696211
FGOALS-g3,tos,zonal_mean_crps_anomaly,southern_hemisphere,0.0470026448920921,0.0787722066596702,0.0317695617675781,67.59100863475699
FGOALS-g3,tos,zonal_mean_crps_anomaly,tropics,0.093226671218872,0.1317459530300564,0.0385192818111843,41.317877499617055
FGOALS-g3,tos,zonal_mean_crps_bias_adjusted,global,0.1333454803184227,0.142996342976888,0.0096508626584653,7.237487641440503
FGOALS-g3,tos,zonal_mean_crps_bias_adjusted,northern_hemisphere,0.2612506089387116,0.2663714991675483,0.0051208902288366,1.9601448010549904
FGOALS-g3,tos,zonal_mean_crps_bias_adjusted,southern_hemisphere,0.1108943895057395,0.113572261068556,0.0026778715628165,2.4147944497028875
FGOALS-g3,tos,zonal_mean_crps_bias_adjusted,tropics,0.1049280431535509,0.1513803199485496,0.0464522767949987,44.27060240418362
FIO-ESM-2-0,clt,zonal_mean_crps,global,1.5781189972377494,1.8654980109608763,0.2873790137231269,18.210224591817152
FIO-ESM-2-0,clt,zonal_mean_crps,northern_hemisphere,0.9146793278530344,0.8031608991487452,-0.111518428704289,-12.192079268485143
FIO-ESM-2-0,clt,zonal_mean_crps,southern_hemisphere,2.8043684301021368,3.2970583256081643,0.4926898955060275,17.56865789164812
FIO-ESM-2-0,clt,zonal_mean_crps,tropics,2.5104086456196044,2.6921823921595376,0.1817737465399331,7.240803080291688
FIO-ESM-2-0,clt,zonal_mean_crps_anomaly,global,0.3093715911334247,0.3863827954605661,0.0770112043271413,24.892784772189454
FIO-ESM-2-0,clt,zonal_mean_crps_anomaly,northern_hemisphere,0.4563096686402487,0.5134280818421898,0.0571184132019411,12.51746722179864
FIO-ESM-2-0,clt,zonal_mean_crps_anomaly,southern_hemisphere,0.4535319087913942,0.5689338847520974,0.1154019759607031,25.445172373479725
FIO-ESM-2-0,clt,zonal_mean_crps_anomaly,tropics,0.5105358390222837,0.6354047163504536,0.1248688773281698,24.458396019230225
FIO-ESM-2-0,clt,zonal_mean_crps_bias_adjusted,global,0.7460359546825538,0.759973689301923,0.0139377346193692,1.868238994633959
FIO-ESM-2-0,clt,zonal_mean_crps_bias_adjusted,northern_hemisphere,0.8924736170557572,0.7519359501344188,-0.1405376669213384,-15.746982794288956
FIO-ESM-2-0,clt,zonal_mean_crps_bias_adjusted,southern_hemisphere,1.1281717154960496,1.1875432477735468,0.0593715322774972,5.26263258172467
FIO-ESM-2-0,clt,zonal_mean_crps_bias_adjusted,tropics,1.363535811000671,1.3673608587010913,0.0038250477004202,0.2805241834912369
FIO-ESM-2-0,pr,zonal_mean_crps,global,3.944645876974892e-06,4.147542377646547e-06,2.0289650067165457e-07,5.143592276710369
FIO-ESM-2-0,pr,zonal_mean_crps,northern_hemisphere,3.1995736398962727e-06,3.286773945280561e-06,8.72003053842882e-08,2.7253726651878263
FIO-ESM-2-0,pr,zonal_mean_crps,southern_hemisphere,4.322703796249048e-06,4.536755351127421e-06,2.140515548783728e-07,4.951797878543339
FIO-ESM-2-0,pr,zonal_mean_crps,tropics,6.845137092276885e-06,7.0115666341924965e-06,1.664295419156114e-07,2.4313544005333023
FIO-ESM-2-0,pr,zonal_mean_crps_anomaly,global,3.503989272714099e-07,3.93581300156904e-07,4.3182372885494095e-08,12.3237742825754
FIO-ESM-2-0,pr,zonal_mean_crps_anomaly,northern_hemisphere,6.794548477709779e-07,7.207004899483001e-07,4.1245642177322214e-08,6.070402222109802
FIO-ESM-2-0,pr,zonal_mean_crps_anomaly,southern_hemisphere,6.60155537805639e-07,7.489697489032781e-07,8.881421109763906e-08,13.453528147754096
FIO-ESM-2-0,pr,zonal_mean_crps_anomaly,tropics,5.527183104182102e-07,7.172727250580291e-07,1.6455441463981893e-07,29.77184065338998
FIO-ESM-2-0,pr,zonal_mean_crps_bias_adjusted,global,5.453527822123252e-07,6.180422512080026e-07,7.268946899567737e-08,13.3288893660355
FIO-ESM-2-0,pr,zonal_mean_crps_bias_adjusted,northern_hemisphere,1.0377284550730937e-06,1.0757564162705737e-06,3.8027961197479795e-08,3.664538734731067
FIO-ESM-2-0,pr,zonal_mean_crps_bias_adjusted,southern_hemisphere,1.3836829871617833e-06,1.456794361186262e-06,7.311137402447858e-08,5.283824019145089
FIO-ESM-2-0,pr,zonal_mean_crps_bias_adjusted,tropics,6.648960190874294e-07,8.553871171052773e-07,1.9049109801784785e-07,28.649757638690197
FIO-ESM-2-0,tas,zonal_mean_crps,global,0.2174084111153128,0.2148765744361737,-0.002531836679139,-1.1645532323936671
FIO-ESM-2-0,tas,zonal_mean_crps,northern_hemisphere,0.1757109913031105,0.1889071158172864,0.0131961245141758,7.510130365955205
FIO-ESM-2-0,tas,zonal_mean_crps,southern_hemisphere,0.4917803905518479,0.4386181682940219,-0.053162222257826,-10.810154955176314
FIO-ESM-2-0,tas,zonal_mean_crps,tropics,0.1257376268623053,0.1687006407974101,0.0429630139351047,34.16878066432197
FIO-ESM-2-0,tas,zonal_mean_crps_anomaly,global,0.0758540154889404,0.1081312467592337,0.0322772312702932,42.55177667555297
FIO-ESM-2-0,tas,zonal_mean_crps_anomaly,northern_hemisphere,0.1103318894761411,0.1381492022443143,0.0278173127681731,25.212395890481453
FIO-ESM-2-0,tas,zonal_mean_crps_anomaly,southern_hemisphere,0.0926926272310513,0.1134334364032721,0.0207408091722208,22.375899563749535
FIO-ESM-2-0,tas,zonal_mean_crps_anomaly,tropics,0.09060792085623,0.1434945041537295,0.0528865832974995,58.36860927580063
FIO-ESM-2-0,tas,zonal_mean_crps_bias_adjusted,global,0.1652350099894552,0.1605519575616049,-0.0046830524278503,-2.834176866118878
FIO-ESM-2-0,tas,zonal_mean_crps_bias_adjusted,northern_hemisphere,0.1360991527672719,0.1760103072867288,0.0399111545194569,29.325057289448765
FIO-ESM-2-0,tas,zonal_mean_crps_bias_adjusted,southern_hemisphere,0.3331493462576488,0.3286175331760698,-0.0045318130815789,-1.360294754435501
FIO-ESM-2-0,tas,zonal_mean_crps_bias_adjusted,tropics,0.1215162043838973,0.159135788290565,0.0376195839066676,30.958491583409607
FIO-ESM-2-0,tos,zonal_mean_crps,global,0.0968453654536494,0.091036574045817,-0.0058087914078324,-5.998006596002273
FIO-ESM-2-0,tos,zonal_mean_crps,northern_hemisphere,0.0886135436870433,0.1877758979797363,0.0991623542926929,111.90428704996248
FIO-ESM-2-0,tos,zonal_mean_crps,southern_hemisphere,0.1696061699478714,0.180806259755735,0.0112000898078635,6.6035863030843345
FIO-ESM-2-0,tos,zonal_mean_crps,tropics,0.0838907506730821,0.1529040601518419,0.0690133094787597,82.26569547303377
FIO-ESM-2-0,tos,zonal_mean_crps_anomaly,global,0.0441258501123499,0.064137946234809,0.0200120961224591,45.35231858764383
FIO-ESM-2-0,tos,zonal_mean_crps_anomaly,northern_hemisphere,0.0621322896745469,0.0725095219082302,0.0103772322336832,16.70183456627767
FIO-ESM-2-0,tos,zonal_mean_crps_anomaly,southern_hemisphere,0.0448721196916368,0.0639577326951203,0.0190856130034835,42.533343944169985
FIO-ESM-2-0,tos,zonal_mean_crps_anomaly,tropics,0.081042100765087,0.1301533893302635,0.0491112885651764,60.59972298538153
FIO-ESM-2-0,tos,zonal_mean_crps_bias_adjusted,global,0.079842221295392,0.0895157919989691,0.0096735707035771,12.115858685579193
FIO-ESM-2-0,tos,zonal_mean_crps_bias_adjusted,northern_hemisphere,0.0768480636455394,0.0889177922849302,0.0120697286393907,15.705963256357608
FIO-ESM-2-0,tos,zonal_mean_crps_bias_adjusted,southern_hemisphere,0.1129601054721408,0.1157582627402411,0.0027981572681003,2.477119914508596
FIO-ESM-2-0,tos,zonal_mean_crps_bias_adjusted,tropics,0.082641440850717,0.1312443715554696,0.0486029307047525,58.81181427190818
GFDL-ESM4,pr,zonal_mean_crps,global,2.785926770027598e-06,2.9925694350283643e-06,2.0664266500076697e-07,7.417376049648279
GFDL-ESM4,pr,zonal_mean_crps,northern_hemisphere,2.6636755996555117e-06,2.382091590199572e-06,-2.815840094559395e-07,-10.571257607058318
GFDL-ESM4,pr,zonal_mean_crps,southern_hemisphere,3.370891243792829e-06,3.751288724945173e-06,3.803974811523434e-07,11.284774667613757
GFDL-ESM4,pr,zonal_mean_crps,tropics,4.53388768248799e-06,4.618105237939205e-06,8.421755545121468e-08,1.857513051690772
GFDL-ESM4,pr,zonal_mean_crps_anomaly,global,3.3328681604837546e-07,3.996653857838182e-07,6.63785697354427e-08,19.91635028425729
GFDL-ESM4,pr,zonal_mean_crps_anomaly,northern_hemisphere,6.890715077908546e-07,7.283157258455132e-07,3.9244218054658587e-08,5.695231570446808
GFDL-ESM4,pr,zonal_mean_crps_anomaly,southern_hemisphere,6.781073184188077e-07,8.22388697256597e-07,1.4428137883778934e-07,21.277071478039897
GFDL-ESM4,pr,zonal_mean_crps_anomaly,tropics,5.708913839178557e-07,7.019206990393017e-07,1.3102931512144605e-07,22.95170654393683
GFDL-ESM4,pr,zonal_mean_crps_bias_adjusted,global,5.113897579441848e-07,5.375304934002796e-07,2.6140735456094857e-08,5.1117049276039594
GFDL-ESM4,pr,zonal_mean_crps_bias_adjusted,northern_hemisphere,2.1940212701776075e-06,1.9494791373559835e-06,-2.4454213282162397e-07,-11.145841480462408
GFDL-ESM4,pr,zonal_mean_crps_bias_adjusted,southern_hemisphere,1.7813813462486936e-06,1.853017725066079e-06,7.163637881738543e-08,4.021394911776767
GFDL-ESM4,pr,zonal_mean_crps_bias_adjusted,tropics,6.448672576408609e-07,8.074578309552399e-07,1.625905733143791e-07,25.213029718579527
GFDL-ESM4,tas,zonal_mean_crps,global,0.4456796740256166,0.4941375532643451,0.0484578792387285,10.872804407037703
GFDL-ESM4,tas,zonal_mean_crps,northern_hemisphere,0.4321023640975049,0.4970661466719003,0.0649637825743953,15.034350184609536
GFDL-ESM4,tas,zonal_mean_crps,southern_hemisphere,0.5015732081609826,0.5318709490581859,0.0302977408972032,6.040542119123526
GFDL-ESM4,tas,zonal_mean_crps,tropics,0.362399725812569,0.4115768736565394,0.0491771478439703,13.569863424622042
GFDL-ESM4,tas,zonal_mean_crps_anomaly,global,0.0799182173187887,0.1255012051626057,0.045582987843817,57.0370428334123
GFDL-ESM4,tas,zonal_mean_crps_anomaly,northern_hemisphere,0.1080073105404596,0.1520894376110393,0.0440821270705796,40.814021615755706
GFDL-ESM4,tas,zonal_mean_crps_anomaly,southern_hemisphere,0.0918623167814525,0.1229589177378822,0.0310966009564296,33.85131362450924
GFDL-ESM4,tas,zonal_mean_crps_anomaly,tropics,0.1057424428460577,0.1496147933155128,0.043872350469455,41.48982120010737
GFDL-ESM4,tas,zonal_mean_crps_bias_adjusted,global,0.1696468216647491,0.1715634472813705,0.0019166256166213,1.1297739608755484
GFDL-ESM4,tas,zonal_mean_crps_bias_adjusted,northern_hemisphere,0.1829698383202765,0.2056978624116481,0.0227280240913716,12.421732619989411
GFDL-ESM4,tas,zonal_mean_crps_bias_adjusted,southern_hemisphere,0.4088470008875616,0.4034885432152169,-0.0053584576723447,-1.3106266306740906
GFDL-ESM4,tas,zonal_mean_crps_bias_adjusted,tropics,0.1491072991453219,0.1768486304647823,0.0277413313194603,18.60494521627897
GFDL-ESM4,tos,zonal_mean_crps,global,0.1364779419369167,0.0961804955093949,-0.0402974464275218,-29.52671021823311
GFDL-ESM4,tos,zonal_mean_crps,northern_hemisphere,0.2086945798661973,0.279969815854673,0.0712752359884756,34.152892726861005
GFDL-ESM4,tos,zonal_mean_crps,southern_hemisphere,0.3129826695830733,0.2684789375022606,-0.0445037320808127,-14.219232055275308
GFDL-ESM4,tos,zonal_mean_crps,tropics,0.1458086843843813,0.1382641174175121,-0.0075445669668692,-5.174291914588718
GFDL-ESM4,tos,zonal_mean_crps_anomaly,global,0.056802080295704,0.0810296305903682,0.0242275502946641,42.65257569535973
GFDL-ESM4,tos,zonal_mean_crps_anomaly,northern_hemisphere,0.0754431636245162,0.1000375959608289,0.0245944323363127,32.599948298457186
GFDL-ESM4,tos,zonal_mean_crps_anomaly,southern_hemisphere,0.0490835198649653,0.0747305110648826,0.0256469911999172,52.25173596041031
GFDL-ESM4,tos,zonal_mean_crps_anomaly,tropics,0.0943772086390742,0.139125359499896,0.0447481508608217,47.41414956650353
GFDL-ESM4,tos,zonal_mean_crps_bias_adjusted,global,0.0826457465136492,0.0949505911933051,0.0123048446796558,14.888660576892072
GFDL-ESM4,tos,zonal_mean_crps_bias_adjusted,northern_hemisphere,0.2008174172154179,0.2189751907631203,0.0181577735477023,9.041931621012948
GFDL-ESM4,tos,zonal_mean_crps_bias_adjusted,southern_hemisphere,0.2657559068114669,0.249932176095468,-0.0158237307159989,-5.954234811128633
GFDL-ESM4,tos,zonal_mean_crps_bias_adjusted,tropics,0.0976233040844952,0.1385073043681957,0.0408840002837004,41.87934496492191
IPSL-CM6A-LR,clt,zonal_mean_crps,global,4.881653171115452,5.279689965424714,0.3980367943092622,8.153729491976819
IPSL-CM6A-LR,clt,zonal_mean_crps,northern_hemisphere,6.51323752226653,6.8173484872888634,0.3041109650223337,4.669121369866866
IPSL-CM6A-LR,clt,zonal_mean_crps,southern_hemisphere,2.9682850978992605,3.43200588579531,0.4637207878960501,15.622515108950903
IPSL-CM6A-LR,clt,zonal_mean_crps,tropics,11.15038025467484,11.25676970658479,0.1063894519099477,0.9541329486529714
IPSL-CM6A-LR,clt,zonal_mean_crps_anomaly,global,0.3238923178778755,0.4048597618385597,0.0809674439606841,24.99826006716626
IPSL-CM6A-LR,clt,zonal_mean_crps_anomaly,northern_hemisphere,0.4768527772691515,0.4978945343582719,0.0210417570891204,4.41263175809161
IPSL-CM6A-LR,clt,zonal_mean_crps_anomaly,southern_hemisphere,0.4996814056679054,0.5890531575238264,0.0893717518559209,17.885746966401737
IPSL-CM6A-LR,clt,zonal_mean_crps_anomaly,tropics,0.5614545610215929,0.6722236103481717,0.1107690493265788,19.728942823980155
IPSL-CM6A-LR,clt,zonal_mean_crps_bias_adjusted,global,0.9358811413800276,0.9138693632902922,-0.0220117780897353,-2.351984361740347
IPSL-CM6A-LR,clt,zonal_mean_crps_bias_adjusted,northern_hemisphere,2.796202196898284,2.6388760813960324,-0.1573261155022516,-5.6264212822937925
IPSL-CM6A-LR,clt,zonal_mean_crps_bias_adjusted,southern_hemisphere,1.013125207689073,0.9926307254367404,-0.0204944822523329,-2.022897278321664
IPSL-CM6A-LR,clt,zonal_mean_crps_bias_adjusted,tropics,0.8987520147252965,0.9655876406916868,0.0668356259663901,7.436492477495969
IPSL-CM6A-LR,od550aer,zonal_mean_crps,global,0.0654592514934915,0.0705006660962546,0.0050414146027631,7.701607469899627
IPSL-CM6A-LR,od550aer,zonal_mean_crps,northern_hemisphere,0.0742219268861744,0.0724336715829041,-0.0017882553032703,-2.40933559433554
IPSL-CM6A-LR,od550aer,zonal_mean_crps,southern_hemisphere,0.0587316432933288,0.0695166672062542,0.0107850239129254,18.36322518520517
IPSL-CM6A-LR,od550aer,zonal_mean_crps,tropics,0.0661674688949629,0.068318389383731,0.0021509204887681,3.2507220310673053
IPSL-CM6A-LR,od550aer,zonal_mean_crps_anomaly,global,0.006019003185685,0.0080472115703203,0.0020282083846352,33.69674881480293
IPSL-CM6A-LR,od550aer,zonal_mean_crps_anomaly,northern_hemisphere,0.010184916867702,0.0117490016406884,0.0015640847729863,15.356873240137508
IPSL-CM6A-LR,od550aer,zonal_mean_crps_anomaly,southern_hemisphere,0.0046419350878783,0.0091508391416735,0.0045089040537951,97.13414704073162
IPSL-CM6A-LR,od550aer,zonal_mean_crps_anomaly,tropics,0.0078707690178244,0.0100396293456907,0.0021688603278663,27.55588841388517
IPSL-CM6A-LR,od550aer,zonal_mean_crps_bias_adjusted,global,0.0073927747568598,0.0106162716669064,0.0032234969100466,43.60334266988892
IPSL-CM6A-LR,od550aer,zonal_mean_crps_bias_adjusted,northern_hemisphere,0.0190660857078101,0.0182617243379354,-0.0008043613698747,-4.218807059832135
IPSL-CM6A-LR,od550aer,zonal_mean_crps_bias_adjusted,southern_hemisphere,0.0235121366395442,0.0244210378370351,0.0009089011974908,3.865668235196517
IPSL-CM6A-LR,od550aer,zonal_mean_crps_bias_adjusted,tropics,0.0116478944818178,0.0123699586010641,0.0007220641192462,6.199095642336024
IPSL-CM6A-LR,pr,zonal_mean_crps,global,3.709770842558808e-06,3.915772755068179e-06,2.0600191250937085e-07,5.552955189201967
IPSL-CM6A-LR,pr,zonal_mean_crps,northern_hemisphere,2.4091349587251897e-06,2.349558312912618e-06,-5.9576645812571545e-08,-2.472947627811475
IPSL-CM6A-LR,pr,zonal_mean_crps,southern_hemisphere,4.826376809635096e-06,5.371657642980508e-06,5.452808333454115e-07,11.297933312145144
IPSL-CM6A-LR,pr,zonal_mean_crps,tropics,5.477426114979338e-06,5.719540476329038e-06,2.421143613497006e-07,4.420221400843376
IPSL-CM6A-LR,pr,zonal_mean_crps_anomaly,global,3.2753972913336905e-07,4.016808125689514e-07,7.414108343558231e-08,22.635752808293137
IPSL-CM6A-LR,pr,zonal_mean_crps_anomaly,northern_hemisphere,6.132961600626542e-07,6.802542817173094e-07,6.695812165465511e-08,10.917746761664818
IPSL-CM6A-LR,pr,zonal_mean_crps_anomaly,southern_hemisphere,6.68467853554628e-07,7.273735095454699e-07,5.8905655990841954e-08,8.812040201724988
IPSL-CM6A-LR,pr,zonal_mean_crps_anomaly,tropics,5.276262729441644e-07,6.998814637039754e-07,1.72255190759811e-07,32.647197380567086
IPSL-CM6A-LR,pr,zonal_mean_crps_bias_adjusted,global,4.548914620062095e-07,4.7073462560042066e-07,1.5843163594211136e-08,3.482844792104466
IPSL-CM6A-LR,pr,zonal_mean_crps_bias_adjusted,northern_hemisphere,1.088766367940008e-06,1.1342956457627695e-06,4.5529277822761466e-08,4.18173073337164
IPSL-CM6A-LR,pr,zonal_mean_crps_bias_adjusted,southern_hemisphere,1.3804005986996882e-06,1.4565768533766795e-06,7.617625467699136e-08,5.518416519722461
IPSL-CM6A-LR,pr,zonal_mean_crps_bias_adjusted,tropics,6.836783642130386e-07,9.181538324035636e-07,2.344754681905249e-07,34.296166218514536
IPSL-CM6A-LR,tas,zonal_mean_crps,global,0.6440646740282835,0.6728744806201007,0.0288098065918172,4.4731232364643
IPSL-CM6A-LR,tas,zonal_mean_crps,northern_hemisphere,0.6580362073803714,0.7324004915127579,0.0743642841323865,11.30094108779047
IPSL-CM6A-LR,tas,zonal_mean_crps,southern_hemisphere,0.8154128673848885,0.7857563471582786,-0.0296565202266099,-3.6369943880970848
IPSL-CM6A-LR,tas,zonal_mean_crps,tropics,0.6050641455520924,0.658291254337015,0.0532271087849225,8.79693651924381
IPSL-CM6A-LR,tas,zonal_mean_crps_anomaly,global,0.1024257877124985,0.1093431843101483,0.0069173965976497,6.753569342387101
IPSL-CM6A-LR,tas,zonal_mean_crps_anomaly,northern_hemisphere,0.1354683112458416,0.1429997177881428,0.0075314065423011,5.55953379283923
IPSL-CM6A-LR,tas,zonal_mean_crps_anomaly,southern_hemisphere,0.1052493947240036,0.1259488888902675,0.0206994941662638,19.667090932488797
IPSL-CM6A-LR,tas,zonal_mean_crps_anomaly,tropics,0.1126710623477451,0.123796225706014,0.0111251633582689,9.874020113463116
IPSL-CM6A-LR,tas,zonal_mean_crps_bias_adjusted,global,0.1316204134576112,0.1302536739233835,-0.0013667395342276,-1.038394803909242
IPSL-CM6A-LR,tas,zonal_mean_crps_bias_adjusted,northern_hemisphere,0.5332586519940417,0.5903159102514445,0.0570572582574028,10.699734180410513
IPSL-CM6A-LR,tas,zonal_mean_crps_bias_adjusted,southern_hemisphere,0.5685345118611715,0.5350815060206016,-0.0334530058405699,-5.884076541115723
IPSL-CM6A-LR,tas,zonal_mean_crps_bias_adjusted,tropics,0.1389250311278586,0.1515106610048046,0.0125856298769459,9.05929606404974
IPSL-CM6A-LR,tos,zonal_mean_crps,global,0.1142165837464509,0.1261829729433413,0.0119663891968903,10.47692795947612
IPSL-CM6A-LR,tos,zonal_mean_crps,northern_hemisphere,0.5065315741079826,0.5976233782591645,0.0910918041511819,17.983440481789774
IPSL-CM6A-LR,tos,zonal_mean_crps,southern_hemisphere,0.294860823949178,0.2862530964392203,-0.0086077275099577,-2.919250985828274
IPSL-CM6A-LR,tos,zonal_mean_crps,tropics,0.1283429198794894,0.2098615452095314,0.0815186253300419,63.51626206306176
IPSL-CM6A-LR,tos,zonal_mean_crps_anomaly,global,0.0639873840190746,0.0638148766976815,-0.000172507321393,-0.2695958336749868
IPSL-CM6A-LR,tos,zonal_mean_crps_anomaly,northern_hemisphere,0.0938827444005895,0.0720539534533465,-0.021828790947243,-23.251121477767473
IPSL-CM6A-LR,tos,zonal_mean_crps_anomaly,southern_hemisphere,0.0518665419684516,0.0700611458884345,0.0181946039199829,35.07965487857276
IPSL-CM6A-LR,tos,zonal_mean_crps_anomaly,tropics,0.1093412452273898,0.114121784987273,0.0047805397598831,4.372128513756549
IPSL-CM6A-LR,tos,zonal_mean_crps_bias_adjusted,global,0.1128325444680673,0.1136285287362558,0.0007959842681884,0.7054562776555748
IPSL-CM6A-LR,tos,zonal_mean_crps_bias_adjusted,northern_hemisphere,0.4732101864284939,0.5032866354341861,0.0300764490056921,6.355832961393147
IPSL-CM6A-LR,tos,zonal_mean_crps_bias_adjusted,southern_hemisphere,0.3064590171531395,0.2974313815434773,-0.0090276356096621,-2.945788867145967
IPSL-CM6A-LR,tos,zonal_mean_crps_bias_adjusted,tropics,0.1164638289698848,0.1232810355998851,0.0068172066300003,5.853496909983245
KACE-1-0-G,clt,zonal_mean_crps,global,1.3981039331834604,1.1489230408708897,-0.2491808923125706,-17.822773142851386
KACE-1-0-G,clt,zonal_mean_crps,northern_hemisphere,3.14046308862803,2.6297981597863327,-0.5106649288416971,-16.260816141761776
KACE-1-0-G,clt,zonal_mean_crps,southern_hemisphere,1.4194941864213697,1.416753625774578,-0.0027405606467916,-0.1930660000588478
KACE-1-0-G,clt,zonal_mean_crps,tropics,3.0429409847729727,3.634640179887625,0.5916991951146522,19.444977673755233
KACE-1-0-G,clt,zonal_mean_crps_anomaly,global,0.3719749924149199,0.4868313619982343,0.1148563695833143,30.87744389418461
KACE-1-0-G,clt,zonal_mean_crps_anomaly,northern_hemisphere,0.5697022581081583,0.6230532959818456,0.0533510378736872,9.364722908217525
KACE-1-0-G,clt,zonal_mean_crps_anomaly,southern_hemisphere,0.4983683555120276,0.6331537661833639,0.1347854106713363,27.045338890519385
KACE-1-0-G,clt,zonal_mean_crps_anomaly,tropics,0.6867267456093522,0.8201899077154053,0.1334631621060531,19.434682420535037
KACE-1-0-G,clt,zonal_mean_crps_bias_adjusted,global,1.0402010370979753,1.136800560214048,0.0965995231160727,9.286620534966278
KACE-1-0-G,clt,zonal_mean_crps_bias_adjusted,northern_hemisphere,2.424144748442516,2.382551726151225,-0.0415930222912912,-1.71578130051905
KACE-1-0-G,clt,zonal_mean_crps_bias_adjusted,southern_hemisphere,1.4186160570733952,1.290549911561371,-0.1280661455120242,-9.027540952569272
KACE-1-0-G,clt,zonal_mean_crps_bias_adjusted,tropics,0.9538542430903096,1.0605605664350208,0.1067063233447113,11.18685838194762
KACE-1-0-G,od550aer,zonal_mean_crps,global,0.0535004778461971,0.0314207408463424,-0.0220797369998546,-41.2701678353778
KACE-1-0-G,od550aer,zonal_mean_crps,northern_hemisphere,0.075198018937159,0.041851180958055,-0.0333468379791039,-44.34536767114971
KACE-1-0-G,od550aer,zonal_mean_crps,southern_hemisphere,0.0271932029312646,0.0216108698566694,-0.0055823330745951,-20.52841325350835
KACE-1-0-G,od550aer,zonal_mean_crps,tropics,0.0730115856311646,0.0601673824910002,-0.0128442031401643,-17.592006842653536
KACE-1-0-G,od550aer,zonal_mean_crps_anomaly,global,0.0059212746469441,0.0074139704359478,0.0014926957890037,25.20902808948538
KACE-1-0-G,od550aer,zonal_mean_crps_anomaly,northern_hemisphere,0.0093019518097181,0.0096297099819524,0.0003277581722342,3.523541929037557
KACE-1-0-G,od550aer,zonal_mean_crps_anomaly,southern_hemisphere,0.003888889930391,0.0083454907134047,0.0044566007830136,114.5982751578017
KACE-1-0-G,od550aer,zonal_mean_crps_anomaly,tropics,0.0073290129237975,0.007905009885986,0.0005759969621884,7.85913421326037
KACE-1-0-G,od550aer,zonal_mean_crps_bias_adjusted,global,0.0147701039231862,0.0127381624184615,-0.0020319415047247,-13.757123953169998
KACE-1-0-G,od550aer,zonal_mean_crps_bias_adjusted,northern_hemisphere,0.0222466994447028,0.0173433190649778,-0.0049033803797249,-22.040934170540456
KACE-1-0-G,od550aer,zonal_mean_crps_bias_adjusted,southern_hemisphere,0.0123896269911302,0.014502611051994,0.0021129840608638,17.054460657907807
KACE-1-0-G,od550aer,zonal_mean_crps_bias_adjusted,tropics,0.0153094620064679,0.0149887299441219,-0.0003207320623459,-2.0949923792911607
KACE-1-0-G,pr,zonal_mean_crps,global,3.785264774001507e-06,4.196989072781009e-06,4.117242987795021e-07,10.877027720950071
KACE-1-0-G,pr,zonal_mean_crps,northern_hemisphere,2.190963114258256e-06,2.2794230780410957e-06,8.845996378283994e-08,4.037492151609672
KACE-1-0-G,pr,zonal_mean_crps,southern_hemisphere,5.745760245241174e-06,6.074892957130295e-06,3.291327118891209e-07,5.728270896122394
KACE-1-0-G,pr,zonal_mean_crps,tropics,6.188993696067205e-06,6.667119558165922e-06,4.781258620987172e-07,7.7254217014721185
KACE-1-0-G,pr,zonal_mean_crps_anomaly,global,3.333149086827943e-07,4.338324609754829e-07,1.0051755229268865e-07,30.156932580638983
KACE-1-0-G,pr,zonal_mean_crps_anomaly,northern_hemisphere,7.810864607604945e-07,7.963969711912085e-07,1.5310510430714023e-08,1.9601556549587544
KACE-1-0-G,pr,zonal_mean_crps_anomaly,southern_hemisphere,6.958693822922265e-07,8.595153545260797e-07,1.636459722338532e-07,23.516765703183506
KACE-1-0-G,pr,zonal_mean_crps_anomaly,tropics,5.427120616940229e-07,7.062414494316912e-07,1.635293877376683e-07,30.131887474036816
KACE-1-0-G,pr,zonal_mean_crps_bias_adjusted,global,5.172755778990983e-07,6.298061931278435e-07,1.1253061522874525e-07,21.754480597322125
KACE-1-0-G,pr,zonal_mean_crps_bias_adjusted,northern_hemisphere,1.8870784455676192e-06,1.8293362098755449e-06,-5.7742235692074524e-08,-3.059874687652747
KACE-1-0-G,pr,zonal_mean_crps_bias_adjusted,southern_hemisphere,2.198115449735901e-06,2.234233940754279e-06,3.6118491018377876e-08,1.6431571427568754
KACE-1-0-G,pr,zonal_mean_crps_bias_adjusted,tropics,6.573935439279442e-07,8.475986972309147e-07,1.902051533029705e-07,28.933225015641252
KACE-1-0-G,tas,zonal_mean_crps,global,0.1687038827331949,0.3824856444990795,0.2137817617658846,126.72011947939588
KACE-1-0-G,tas,zonal_mean_crps,northern_hemisphere,0.224106274962341,0.4156346382606684,0.1915283632983273,85.46318630770683
KACE-1-0-G,tas,zonal_mean_crps,southern_hemisphere,0.4829986531693278,0.5188183421321394,0.0358196889628115,7.41610535097166
KACE-1-0-G,tas,zonal_mean_crps,tropics,0.4549475585891413,0.5145443620982781,0.0595968035091368,13.09970839143641
KACE-1-0-G,tas,zonal_mean_crps_anomaly,global,0.078783296140654,0.1411379849335855,0.0623546887929315,79.14709316249976
KACE-1-0-G,tas,zonal_mean_crps_anomaly,northern_hemisphere,0.1088098379746237,0.2030222844855866,0.0942124465109628,86.58449296922464
KACE-1-0-G,tas,zonal_mean_crps_anomaly,southern_hemisphere,0.1003482744452963,0.1128706815372011,0.0125224070919048,12.478946111555985
KACE-1-0-G,tas,zonal_mean_crps_anomaly,tropics,0.1106672315017449,0.1720079214317508,0.0613406899300059,55.42805137312823
KACE-1-0-G,tas,zonal_mean_crps_bias_adjusted,global,0.1305499382792463,0.1526114194945635,0.0220614812153172,16.898882914925395
KACE-1-0-G,tas,zonal_mean_crps_bias_adjusted,northern_hemisphere,0.226627251662988,0.3221205003731144,0.0954932487101264,42.13670157026488
KACE-1-0-G,tas,zonal_mean_crps_bias_adjusted,southern_hemisphere,0.3624386057888023,0.3399056402895861,-0.0225329654992162,-6.217043421788928
KACE-1-0-G,tas,zonal_mean_crps_bias_adjusted,tropics,0.1170006758802312,0.171895017217774,0.0548943413375428,46.917969425865465
MIROC6,clt,zonal_mean_crps,global,6.475458590189616,6.696892840773971,0.2214342505843554,3.4195917941600382
MIROC6,clt,zonal_mean_crps,northern_hemisphere,6.7860617602313,6.844517252180312,0.0584554919490116,0.8614052452569962
MIROC6,clt,zonal_mean_crps,southern_hemisphere,6.057599812966806,6.426227785039831,0.3686279720730256,6.0853800755201135
MIROC6,clt,zonal_mean_crps,tropics,3.236106148472538,3.323646757337782,0.0875406088652437,2.7051216755224
MIROC6,clt,zonal_mean_crps_anomaly,global,0.3255586270932797,0.3683723131815592,0.0428136860882794,13.150837522119293
MIROC6,clt,zonal_mean_crps_anomaly,northern_hemisphere,0.4342103251704464,0.4559458238107186,0.0217354986402722,5.005753520886478
MIROC6,clt,zonal_mean_crps_anomaly,southern_hemisphere,0.469637245602078,0.6287924272042734,0.1591551816021954,33.88896070160651
MIROC6,clt,zonal_mean_crps_anomaly,tropics,0.5077134132385255,0.6639522764417859,0.1562388632032604,30.77304225757354
MIROC6,clt,zonal_mean_crps_bias_adjusted,global,0.6357074172408493,0.7128993210969147,0.0771919038560653,12.142677867610876
MIROC6,clt,zonal_mean_crps_bias_adjusted,northern_hemisphere,1.8139428032769096,2.0841588196931062,0.2702160164161964,14.896611730427656
MIROC6,clt,zonal_mean_crps_bias_adjusted,southern_hemisphere,0.8189838939242893,0.9606497941193758,0.1416659001950865,17.297763881078566
MIROC6,clt,zonal_mean_crps_bias_adjusted,tropics,0.9266092194451224,1.0370294288352684,0.1104202093901458,11.91658868409148
MIROC6,pr,zonal_mean_crps,global,5.368215641754904e-06,5.514047656847483e-06,1.4583201509257917e-07,2.716582656595847
MIROC6,pr,zonal_mean_crps,northern_hemisphere,4.156835728752884e-06,4.1907061316763895e-06,3.387040292350541e-08,0.8148121584219318
MIROC6,pr,zonal_mean_crps,southern_hemisphere,6.169714429739139e-06,6.3897262676888475e-06,2.2001183794970866e-07,3.5659971049747754
MIROC6,pr,zonal_mean_crps,tropics,7.146267051683498e-06,7.28337992296912e-06,1.371128712856226e-07,1.9186642521751545
MIROC6,pr,zonal_mean_crps_anomaly,global,3.655444709659571e-07,4.345780224765703e-07,6.903355151061321e-08,18.88513080999172
MIROC6,pr,zonal_mean_crps_anomaly,northern_hemisphere,6.783614009219929e-07,7.260456068588949e-07,4.7684205936901946e-08,7.029321814609749
MIROC6,pr,zonal_mean_crps_anomaly,southern_hemisphere,6.858277865157342e-07,8.294243074218415e-07,1.4359652090610732e-07,20.93769364983478
MIROC6,pr,zonal_mean_crps_anomaly,tropics,6.441110869033123e-07,7.009927146470916e-07,5.68816277437793e-08,8.831027582097468
MIROC6,pr,zonal_mean_crps_bias_adjusted,global,7.036490488745686e-07,7.420312646933814e-07,3.838221581881287e-08,5.454738534813941
MIROC6,pr,zonal_mean_crps_bias_adjusted,northern_hemisphere,8.725633051653858e-07,9.1424727475829e-07,4.168396959290404e-08,4.777185717774741
MIROC6,pr,zonal_mean_crps_bias_adjusted,southern_hemisphere,9.448620521315778e-07,9.87842821376506e-07,4.298076924492822e-08,4.548893581657239
MIROC6,pr,zonal_mean_crps_bias_adjusted,tropics,7.070554770675866e-07,8.032188007847355e-07,9.61633237171489e-08,13.600534446882836
MIROC6,tas,zonal_mean_crps,global,1.1306612405121872,0.9646308403377334,-0.1660304001744538,-14.684362939623046
MIROC6,tas,zonal_mean_crps,northern_hemisphere,0.9461987090002462,0.7178605023113143,-0.2283382066889319,-24.132162147018157
MIROC6,tas,zonal_mean_crps,southern_hemisphere,1.3548971679240636,1.2594217091897713,-0.0954754587342923,-7.046694095654299
MIROC6,tas,zonal_mean_crps,tropics,0.4654907069839495,0.3786207007609896,-0.0868700062229599,-18.66202803184109
MIROC6,tas,zonal_mean_crps_anomaly,global,0.1296976840872893,0.1283285421518807,-0.0013691419354086,-1.055641004728458
MIROC6,tas,zonal_mean_crps_anomaly,northern_hemisphere,0.1549746814584847,0.1611798908487612,0.0062052093902764,4.004014934490279
MIROC6,tas,zonal_mean_crps_anomaly,southern_hemisphere,0.1380796973573407,0.1250680427367342,-0.0130116546206064,-9.42329311957661
MIROC6,tas,zonal_mean_crps_anomaly,tropics,0.2244020603697765,0.2061039700754461,-0.0182980902943304,-8.154154317557664
MIROC6,tas,zonal_mean_crps_bias_adjusted,global,0.1588049624583945,0.1790068411459182,0.0202018786875237,12.72118854145788
MIROC6,tas,zonal_mean_crps_bias_adjusted,northern_hemisphere,0.2473720435388849,0.2780800519426066,0.0307080084037216,12.413693950381486
MIROC6,tas,zonal_mean_crps_bias_adjusted,southern_hemisphere,0.1801163692751406,0.1885497683545145,0.0084333990793739,4.68219469075089
MIROC6,tas,zonal_mean_crps_bias_adjusted,tropics,0.2638825973864137,0.2653423886536301,0.0014597912672163,0.5531972481984926
MIROC6,tos,zonal_mean_crps,global,0.2321144139325177,0.1077868143717448,-0.1243275995607729,-53.563067219478455
MIROC6,tos,zonal_mean_crps,northern_hemisphere,0.3978326161702474,0.6713606940375434,0.273528077867296,68.7545632885573
MIROC6,tos,zonal_mean_crps,southern_hemisphere,0.7611491945054796,0.644949307265105,-0.1161998872403745,-15.266374592417442
MIROC6,tos,zonal_mean_crps,tropics,0.2796943346659342,0.4677063041263156,0.1880119694603813,67.2205140246913
MIROC6,tos,zonal_mean_crps_anomaly,global,0.0967019999468768,0.0800496772483543,-0.0166523226985224,-17.22024643510003
MIROC6,tos,zonal_mean_crps_anomaly,northern_hemisphere,0.1137524922688802,0.1079816005848072,-0.0057708916840729,-5.073200216512309
MIROC6,tos,zonal_mean_crps_anomaly,southern_hemisphere,0.0891033349213776,0.0750844619892261,-0.0140188729321515,-15.73327524106856
MIROC6,tos,zonal_mean_crps_anomaly,tropics,0.1886407887494122,0.1724102850313539,-0.0162305037180583,-8.603920618471692
MIROC6,tos,zonal_mean_crps_bias_adjusted,global,0.0980199248702437,0.0827676384537308,-0.0152522864165129,-15.560393906344572
MIROC6,tos,zonal_mean_crps_bias_adjusted,northern_hemisphere,0.1350867200780797,0.1340054123489945,-0.0010813077290852,-0.8004544994950464
MIROC6,tos,zonal_mean_crps_bias_adjusted,southern_hemisphere,0.0998455029946786,0.0913064020651358,-0.0085391009295428,-8.552313998556286
MIROC6,tos,zonal_mean_crps_bias_adjusted,tropics,0.19174277694137,0.1798235628339979,-0.0119192141073721,-6.21625194831548
MPI-ESM1-2-LR,clt,zonal_mean_crps,global,3.71747216825132,3.991368770599365,0.2738966023480449,7.367818505468043
MPI-ESM1-2-LR,clt,zonal_mean_crps,northern_hemisphere,2.1361874050564236,2.354407126815231,0.2182197217588073,10.21538284713571
MPI-ESM1-2-LR,clt,zonal_mean_crps,southern_hemisphere,5.270638483541983,5.604683116630271,0.334044633088288,6.337839981462793
MPI-ESM1-2-LR,clt,zonal_mean_crps,tropics,5.6408507947568545,5.745474720001221,0.1046239252443665,1.8547543455964848
MPI-ESM1-2-LR,clt,zonal_mean_crps_anomaly,global,0.3130219636140046,0.3866987687570077,0.073676805143003,23.53726374097372
MPI-ESM1-2-LR,clt,zonal_mean_crps_anomaly,northern_hemisphere,0.4767576924076787,0.5105399873521593,0.0337822949444805,7.085841609366867
MPI-ESM1-2-LR,clt,zonal_mean_crps_anomaly,southern_hemisphere,0.4939723791899504,0.5768559173301414,0.0828835381401909,16.7789823139725
MPI-ESM1-2-LR,clt,zonal_mean_crps_anomaly,tropics,0.5145285782990633,0.642199745884648,0.1276711675855847,24.81323156191675
MPI-ESM1-2-LR,clt,zonal_mean_crps_bias_adjusted,global,0.739853173715097,0.7638832233570241,0.0240300496419271,3.247948443778742
MPI-ESM1-2-LR,clt,zonal_mean_crps_bias_adjusted,northern_hemisphere,1.4749007013108997,1.762072245279948,0.2871715439690483,19.47056799917504
MPI-ESM1-2-LR,clt,zonal_mean_crps_bias_adjusted,southern_hemisphere,1.521506630932843,1.465346304575602,-0.0561603263572412,-3.6910996781400183
MPI-ESM1-2-LR,clt,zonal_mean_crps_bias_adjusted,tropics,1.134377740930628,1.2087687457049334,0.0743910047743054,6.557868872962558
MPI-ESM1-2-LR,od550aer,zonal_mean_crps,global,0.0491005813426993,0.0473614595278545,-0.0017391218148447,-3.5419576862166235
MPI-ESM1-2-LR,od550aer,zonal_mean_crps,northern_hemisphere,0.0609424012195732,0.0517333989273066,-0.0092090022922666,-15.110993508586745
MPI-ESM1-2-LR,od550aer,zonal_mean_crps,southern_hemisphere,0.0410596561997577,0.0455690235934323,0.0045093673936746,10.982477231997086
MPI-ESM1-2-LR,od550aer,zonal_mean_crps,tropics,0.050583726622992,0.0409675250105835,-0.0096162016124085,-19.010464934858337
MPI-ESM1-2-LR,od550aer,zonal_mean_crps_anomaly,global,0.0057724167420356,0.007578612808828,0.0018061960667923,31.290118983256427
MPI-ESM1-2-LR,od550aer,zonal_mean_crps_anomaly,northern_hemisphere,0.0093123092902479,0.0107142899392379,0.00140198064899,15.05513407354519
MPI-ESM1-2-LR,od550aer,zonal_mean_crps_anomaly,southern_hemisphere,0.0050430491359697,0.0089657705898086,0.0039227214538388,77.7847161127167
MPI-ESM1-2-LR,od550aer,zonal_mean_crps_anomaly,tropics,0.0073084843379479,0.009239925906338,0.00193144156839,26.42738875913605
MPI-ESM1-2-LR,od550aer,zonal_mean_crps_bias_adjusted,global,0.0067051265388727,0.0089216225953013,0.0022164960564286,33.05673716340189
MPI-ESM1-2-LR,od550aer,zonal_mean_crps_bias_adjusted,northern_hemisphere,0.0171068599930516,0.0142119079690288,-0.0028949520240227,-16.922755112268423
MPI-ESM1-2-LR,od550aer,zonal_mean_crps_bias_adjusted,southern_hemisphere,0.0191304567373461,0.0202278440473256,0.0010973873099795,5.736336173496652
MPI-ESM1-2-LR,od550aer,zonal_mean_crps_bias_adjusted,tropics,0.0105339409852469,0.0121927437131051,0.0016588027278582,15.747218730211443
MPI-ESM1-2-LR,pr,zonal_mean_crps,global,1.6190273560857384e-06,1.774003819971565e-06,1.549764638858267e-07,9.572195510056574
MPI-ESM1-2-LR,pr,zonal_mean_crps,northern_hemisphere,1.7468816942575222e-06,1.4387747021963287e-06,-3.081069920611935e-07,-17.637541974022934
MPI-ESM1-2-LR,pr,zonal_mean_crps,southern_hemisphere,2.1365280308263785e-06,2.5340330871080772e-06,3.9750505628169873e-07,18.60518797536906
MPI-ESM1-2-LR,pr,zonal_mean_crps,tropics,3.9410651509199475e-06,4.103444145450205e-06,1.623789945302572e-07,4.120180416006411
MPI-ESM1-2-LR,pr,zonal_mean_crps_anomaly,global,3.651035782510277e-07,4.134809269426451e-07,4.8377348691617465e-08,13.250308014882156
MPI-ESM1-2-LR,pr,zonal_mean_crps_anomaly,northern_hemisphere,6.761182181367918e-07,7.559211418858334e-07,7.98029237490416e-08,11.80310212154288
MPI-ESM1-2-LR,pr,zonal_mean_crps_anomaly,southern_hemisphere,7.01970968832568e-07,8.016880841481638e-07,9.97171153155958e-08,14.20530474094008
MPI-ESM1-2-LR,pr,zonal_mean_crps_anomaly,tropics,5.96431362754191e-07,7.556728296212558e-07,1.592414668670648e-07,26.69904314416367
MPI-ESM1-2-LR,pr,zonal_mean_crps_bias_adjusted,global,5.36260389102002e-07,5.746713129526514e-07,3.841092385064941e-08,7.162737474414368
MPI-ESM1-2-LR,pr,zonal_mean_crps_bias_adjusted,northern_hemisphere,1.5413778092570955e-06,1.3268415353161766e-06,-2.1453627394091913e-07,-13.918474280119556
MPI-ESM1-2-LR,pr,zonal_mean_crps_bias_adjusted,southern_hemisphere,1.358461757398025e-06,1.399211716354195e-06,4.074995895616981e-08,2.999713369496805
MPI-ESM1-2-LR,pr,zonal_mean_crps_bias_adjusted,tropics,6.337904610349883e-07,8.438656483054661e-07,2.100751872704779e-07,33.14584238573459
MPI-ESM1-2-LR,tas,zonal_mean_crps,global,0.2746094531182066,0.3749453874975789,0.1003359343793722,36.537684060053934
MPI-ESM1-2-LR,tas,zonal_mean_crps,northern_hemisphere,0.2570955601289292,0.3931090545756107,0.1360134944466815,52.90386748743269
MPI-ESM1-2-LR,tas,zonal_mean_crps,southern_hemisphere,0.4416357014489069,0.4480686240648008,0.0064329226158939,1.456612903981492
MPI-ESM1-2-LR,tas,zonal_mean_crps,tropics,0.1947983522551452,0.3365808672698288,0.1417825150146835,72.78424759413673
MPI-ESM1-2-LR,tas,zonal_mean_crps_anomaly,global,0.0896097718276703,0.1170932894730704,0.0274835176454001,30.670223888365665
MPI-ESM1-2-LR,tas,zonal_mean_crps_anomaly,northern_hemisphere,0.1142309100049344,0.138919961881124,0.0246890518761896,21.61328477127874
MPI-ESM1-2-LR,tas,zonal_mean_crps_anomaly,southern_hemisphere,0.0986112896785774,0.1212404446308413,0.0226291549522639,22.947833890037785
MPI-ESM1-2-LR,tas,zonal_mean_crps_anomaly,tropics,0.1388310607390241,0.1667588901537054,0.0279278294146812,20.116412902138823
MPI-ESM1-2-LR,tas,zonal_mean_crps_bias_adjusted,global,0.202189570043266,0.1845759465016346,-0.0176136235416314,-8.711440228030721
MPI-ESM1-2-LR,tas,zonal_mean_crps_bias_adjusted,northern_hemisphere,0.1911215314900059,0.1988244463549458,0.0077029148649399,4.030375230298297
MPI-ESM1-2-LR,tas,zonal_mean_crps_bias_adjusted,southern_hemisphere,0.3991446666537862,0.3642211738352186,-0.0349234928185675,-8.74958272932651
MPI-ESM1-2-LR,tas,zonal_mean_crps_bias_adjusted,tropics,0.155926723259208,0.170457526491404,0.0145308032321959,9.318994799910218
MPI-ESM1-2-LR,tos,zonal_mean_crps,global,0.3865008654417814,0.5640567602934662,0.1775558948516847,45.939326590830085
MPI-ESM1-2-LR,tos,zonal_mean_crps,northern_hemisphere,0.6953530311584473,0.9692252565313269,0.2738722253728796,39.38606910458314
MPI-ESM1-2-LR,tos,zonal_mean_crps,southern_hemisphere,0.287330232726203,0.3394286809144197,0.0520984481882166,18.13190616730586
MPI-ESM1-2-LR,tos,zonal_mean_crps,tropics,0.3851905628486916,0.6044917318556045,0.2193011690069128,56.93316248068558
MPI-ESM1-2-LR,tos,zonal_mean_crps_anomaly,global,0.0600481686768708,0.0737455827218514,0.0136974140449806,22.810710712409417
MPI-ESM1-2-LR,tos,zonal_mean_crps_anomaly,northern_hemisphere,0.0863980505201551,0.0937406169043647,0.0073425663842095,8.498532478457516
MPI-ESM1-2-LR,tos,zonal_mean_crps_anomaly,southern_hemisphere,0.0466261007167674,0.0713467615622061,0.0247206608454386,53.01893245503305
MPI-ESM1-2-LR,tos,zonal_mean_crps_anomaly,tropics,0.1203095453756827,0.1424371189541286,0.0221275735784459,18.392201141937367
MPI-ESM1-2-LR,tos,zonal_mean_crps_bias_adjusted,global,0.1207684534567374,0.123002670429371,0.0022342169726336,1.85000048330833
MPI-ESM1-2-LR,tos,zonal_mean_crps_bias_adjusted,northern_hemisphere,0.0933594527067961,0.0958531927179407,0.0024937400111445,2.671116784474287
MPI-ESM1-2-LR,tos,zonal_mean_crps_bias_adjusted,southern_hemisphere,0.2466159264246622,0.2284227424197727,-0.0181931840048895,-7.377132640477418
MPI-ESM1-2-LR,tos,zonal_mean_crps_bias_adjusted,tropics,0.1234992716047499,0.1441176873666268,0.0206184157618769,16.695171958474905
MRI-ESM2-0,clt,zonal_mean_crps,global,4.427120441860622,,,
MRI-ESM2-0,clt,zonal_mean_crps,northern_hemisphere,3.760283957587348,,,
MRI-ESM2-0,clt,zonal_mean_crps,southern_hemisphere,4.912903895201506,,,
MRI-ESM2-0,clt,zonal_mean_crps,tropics,5.614153763099953,,,
MRI-ESM2-0,clt,zonal_mean_crps_anomaly,global,0.3573419782850477,,,
MRI-ESM2-0,clt,zonal_mean_crps_anomaly,northern_hemisphere,0.5370967299849899,,,
MRI-ESM2-0,clt,zonal_mean_crps_anomaly,southern_hemisphere,0.5081950046398022,,,
MRI-ESM2-0,clt,zonal_mean_crps_anomaly,tropics,0.5397229300604927,,,
MRI-ESM2-0,clt,zonal_mean_crps_bias_adjusted,global,0.5072097813641583,,,
MRI-ESM2-0,clt,zonal_mean_crps_bias_adjusted,northern_hemisphere,2.1666193785490813,,,
MRI-ESM2-0,clt,zonal_mean_crps_bias_adjusted,southern_hemisphere,2.488161994792797,,,
MRI-ESM2-0,clt,zonal_mean_crps_bias_adjusted,tropics,0.8909837369565611,,,
MRI-ESM2-0,pr,zonal_mean_crps,global,3.271615034666158e-06,3.574156055576707e-06,3.025410209105496e-07,9.24745172353145
MRI-ESM2-0,pr,zonal_mean_crps,northern_hemisphere,3.3071265399350387e-06,3.6611326457339737e-06,3.54006105798935e-07,10.704341110754372
MRI-ESM2-0,pr,zonal_mean_crps,southern_hemisphere,3.195358345288292e-06,3.254229529745687e-06,5.8871184457394884e-08,1.8423969425589857
MRI-ESM2-0,pr,zonal_mean_crps,tropics,5.005290862485438e-06,5.253334778966813e-06,2.480439164813744e-07,4.955634413585411
MRI-ESM2-0,pr,zonal_mean_crps_anomaly,global,3.65233145876792e-07,4.08427508268182e-07,4.3194362391389995e-08,11.826517631004172
MRI-ESM2-0,pr,zonal_mean_crps_anomaly,northern_hemisphere,8.049408548955668e-07,7.57647467253264e-07,-4.7293387642302754e-08,-5.875386664084607
MRI-ESM2-0,pr,zonal_mean_crps_anomaly,southern_hemisphere,7.428363931938765e-07,8.228473065914674e-07,8.00109133975909e-08,10.77100073861196
MRI-ESM2-0,pr,zonal_mean_crps_anomaly,tropics,5.515343555426053e-07,6.762162498758967e-07,1.246818943332914e-07,22.606369499979383
MRI-ESM2-0,pr,zonal_mean_crps_bias_adjusted,global,4.699216047070136e-07,5.509624669583798e-07,8.104086225136619e-08,17.245613191564896
MRI-ESM2-0,pr,zonal_mean_crps_bias_adjusted,northern_hemisphere,2.011155380319838e-06,2.0183126185589503e-06,7.157238239111689e-09,0.3558769406456032
MRI-ESM2-0,pr,zonal_mean_crps_bias_adjusted,southern_hemisphere,1.8998666797011137e-06,2.036285183782672e-06,1.3641850408155858e-07,7.180425107672285
MRI-ESM2-0,pr,zonal_mean_crps_bias_adjusted,tropics,6.504866514997385e-07,8.154760440380346e-07,1.649893925382962e-07,25.36399358202088
MRI-ESM2-0,tas,zonal_mean_crps,global,0.2942936387130267,0.2712562618659029,-0.0230373768471237,-7.828024060549979
MRI-ESM2-0,tas,zonal_mean_crps,northern_hemisphere,0.3856866276450458,0.4399630339427363,0.0542764062976904,14.072669988351777
MRI-ESM2-0,tas,zonal_mean_crps,southern_hemisphere,0.6545424323380082,0.6640121791282451,0.0094697467902368,1.446773550862262
MRI-ESM2-0,tas,zonal_mean_crps,tropics,0.232475347179268,0.2253783210089803,-0.0070970261702877,-3.052808074662212
MRI-ESM2-0,tas,zonal_mean_crps_anomaly,global,0.084495510601043,0.1305692720593803,0.0460737614583373,54.528058509381495
MRI-ESM2-0,tas,zonal_mean_crps_anomaly,northern_hemisphere,0.1170391438345021,0.1539227849112756,0.0368836410767735,31.51393616560323
MRI-ESM2-0,tas,zonal_mean_crps_anomaly,southern_hemisphere,0.0966996342872125,0.1395262278086279,0.0428265935214153,44.28826834464947
MRI-ESM2-0,tas,zonal_mean_crps_anomaly,tropics,0.1068121356643215,0.1684009765223522,0.0615888408580306,57.66090198925139
MRI-ESM2-0,tas,zonal_mean_crps_bias_adjusted,global,0.272160614883275,0.2488172294716134,-0.0233433854116615,-8.577062269525335
MRI-ESM2-0,tas,zonal_mean_crps_bias_adjusted,northern_hemisphere,0.2205739470786447,0.2611836567053655,0.0406097096267208,18.410927566274008
MRI-ESM2-0,tas,zonal_mean_crps_bias_adjusted,southern_hemisphere,0.4685149973811415,0.4510543532706242,-0.0174606441105172,-3.726805803040885
MRI-ESM2-0,tas,zonal_mean_crps_bias_adjusted,tropics,0.1246957789900632,0.1796498513449939,0.0549540723549306,44.070515297322046
MRI-ESM2-0,tos,zonal_mean_crps,global,0.0730071085470694,0.0,0.0,0.0
MRI-ESM2-0,tos,zonal_mean_crps,northern_hemisphere,0.1512251218159993,0.0,0.0,0.0
MRI-ESM2-0,tos,zonal_mean_crps,southern_hemisphere,0.1202714752267908,0.0,0.0,0.0
MRI-ESM2-0,tos,zonal_mean_crps,tropics,0.1996064786557798,0.0,0.0,0.0
MRI-ESM2-0,tos,zonal_mean_crps_anomaly,global,0.0604681456530535,0.0,0.0,0.0
MRI-ESM2-0,tos,zonal_mean_crps_anomaly,northern_hemisphere,0.0769339420177318,0.0,0.0,0.0
MRI-ESM2-0,tos,zonal_mean_crps_anomaly,southern_hemisphere,0.0592155818585996,0.0,0.0,0.0
MRI-ESM2-0,tos,zonal_mean_crps_anomaly,tropics,0.1076751073201497,0.0,0.0,0.0
MRI-ESM2-0,tos,zonal_mean_crps_bias_adjusted,global,0.0668204289895516,0.0,0.0,0.0
MRI-ESM2-0,tos,zonal_mean_crps_bias_adjusted,northern_hemisphere,0.1339038530985514,0.0,0.0,0.0
MRI-ESM2-0,tos,zonal_mean_crps_bias_adjusted,southern_hemisphere,0.1152183576866432,0.0,0.0,0.0
MRI-ESM2-0,tos,zonal_mean_crps_bias_adjusted,tropics,0.1155259061742712,0.0,0.0,0.0
NorESM2-LM,clt,zonal_mean_crps,global,4.6572248246934675,4.807419035169813,0.1501942104763456,3.224972298523965
NorESM2-LM,clt,zonal_mean_crps,northern_hemisphere,3.170637289683024,3.263095336490207,0.0924580468071831,2.9160713875419795
NorESM2-LM,clt,zonal_mean_crps,southern_hemisphere,5.925009946469908,6.153088082207574,0.2280781357376664,3.849413550327528
NorESM2-LM,clt,zonal_mean_crps,tropics,4.727080995065195,4.756594728540492,0.029513733475297,0.6243543003834234
NorESM2-LM,clt,zonal_mean_crps_anomaly,global,0.3711030112372505,0.4123296596385815,0.041226648401331,11.109219584040057
NorESM2-LM,clt,zonal_mean_crps_anomaly,northern_hemisphere,0.5667032206500018,0.5328928947448731,-0.0338103259051286,-5.966143242727407
NorESM2-LM,clt,zonal_mean_crps_anomaly,southern_hemisphere,0.5051675937793872,0.6154662520797165,0.1102986583003292,21.834072426367477
NorESM2-LM,clt,zonal_mean_crps_anomaly,tropics,0.5789673063490126,0.6714123831854927,0.09244507683648,15.967236115531607
NorESM2-LM,clt,zonal_mean_crps_bias_adjusted,global,0.7475834281356247,0.6628604253133138,-0.0847230028223109,-11.332916117950743
NorESM2-LM,clt,zonal_mean_crps_bias_adjusted,northern_hemisphere,0.6120387465865524,0.6106219291687012,-0.0014168174178512,-0.2314914579760036
NorESM2-LM,clt,zonal_mean_crps_bias_adjusted,southern_hemisphere,1.3563551019739222,1.1334225054140443,-0.2229325965598776,-16.43615276231429
NorESM2-LM,clt,zonal_mean_crps_bias_adjusted,tropics,0.7738707118564181,0.7740616162618003,0.0001909044053821,0.024668772503899
NorESM2-LM,od550aer,zonal_mean_crps,global,0.0,0.0087037945097243,0.0,0.0
NorESM2-LM,od550aer,zonal_mean_crps,northern_hemisphere,0.0,0.0257374898427062,0.0,0.0
NorESM2-LM,od550aer,zonal_mean_crps,southern_hemisphere,0.0,0.021843486217161,0.0,0.0
NorESM2-LM,od550aer,zonal_mean_crps,tropics,0.0,0.0141934234648942,0.0,0.0
NorESM2-LM,od550aer,zonal_mean_crps_anomaly,global,0.0,0.0069207529916807,0.0,0.0
NorESM2-LM,od550aer,zonal_mean_crps_anomaly,northern_hemisphere,0.0,0.0099046367737982,0.0,0.0
NorESM2-LM,od550aer,zonal_mean_crps_anomaly,southern_hemisphere,0.0,0.0079321944534226,0.0,0.0
NorESM2-LM,od550aer,zonal_mean_crps_anomaly,tropics,0.0,0.0087334362031133,0.0,0.0
NorESM2-LM,od550aer,zonal_mean_crps_bias_adjusted,global,0.0,0.0075421881758504,0.0,0.0
NorESM2-LM,od550aer,zonal_mean_crps_bias_adjusted,northern_hemisphere,0.0,0.0160110720743735,0.0,0.0
NorESM2-LM,od550aer,zonal_mean_crps_bias_adjusted,southern_hemisphere,0.0,0.0189504559600242,0.0,0.0
NorESM2-LM,od550aer,zonal_mean_crps_bias_adjusted,tropics,0.0,0.0103626155466945,0.0,0.0
NorESM2-LM,pr,zonal_mean_crps,global,1.6248041514767534e-06,1.9093162403873136e-06,2.845120889105602e-07,17.510546649697602
NorESM2-LM,pr,zonal_mean_crps,northern_hemisphere,1.5966393338776135e-06,1.5892379805235478e-06,-7.401353354065765e-09,-0.4635582499455759
NorESM2-LM,pr,zonal_mean_crps,southern_hemisphere,3.535811689895733e-06,3.4119650620225546e-06,-1.2384662787317856e-07,-3.5026364166138793
NorESM2-LM,pr,zonal_mean_crps,tropics,3.650509296238414e-06,3.955380314571947e-06,3.0487101833353314e-07,8.3514653324587
NorESM2-LM,pr,zonal_mean_crps_anomaly,global,3.635579779020864e-07,4.0081256345190386e-07,3.725458554981745e-08,10.247219924809592
NorESM2-LM,pr,zonal_mean_crps_anomaly,northern_hemisphere,7.614450034317864e-07,8.467964562441921e-07,8.535145281240574e-08,11.209142147854662
NorESM2-LM,pr,zonal_mean_crps_anomaly,southern_hemisphere,7.126156156623942e-07,8.616654870113255e-07,1.4904987134893126e-07,20.91588621874159
NorESM2-LM,pr,zonal_mean_crps_anomaly,tropics,6.265816578147847e-07,6.832751986857382e-07,5.6693540870953466e-08,9.048069020831738
NorESM2-LM,pr,zonal_mean_crps_bias_adjusted,global,5.037043980269961e-07,5.288684203858591e-07,2.5164022358863005e-08,4.995791670160151
NorESM2-LM,pr,zonal_mean_crps_bias_adjusted,northern_hemisphere,1.601498654592972e-06,1.5988174877916377e-06,-2.681166801334318e-09,-0.1674161132539788
NorESM2-LM,pr,zonal_mean_crps_bias_adjusted,southern_hemisphere,1.5905527679596737e-06,1.7297131156131705e-06,1.3916034765349666e-07,8.749181445392
NorESM2-LM,pr,zonal_mean_crps_bias_adjusted,tropics,6.714378017662697e-07,7.714183859072229e-07,9.998058414095324e-08,14.890520592964307
NorESM2-LM,tas,zonal_mean_crps,global,0.3150395916789749,0.2970733576376069,-0.017966234041368,-5.702849583323363
NorESM2-LM,tas,zonal_mean_crps,northern_hemisphere,0.3166338208842717,0.3407197791010892,0.0240859582168174,7.606881080976118
NorESM2-LM,tas,zonal_mean_crps,southern_hemisphere,0.3656113299971265,0.3275297894857795,-0.0380815405113469,-10.415853499848126
NorESM2-LM,tas,zonal_mean_crps,tropics,0.1962557790996004,0.2345162620876661,0.0382604829880657,19.495213421790965
NorESM2-LM,tas,zonal_mean_crps_anomaly,global,0.1161072266232254,0.135162974076713,0.0190557474534875,16.412197593285484
NorESM2-LM,tas,zonal_mean_crps_anomaly,northern_hemisphere,0.1577468613920429,0.1805617692774758,0.0228149078854329,14.462986891848097
NorESM2-LM,tas,zonal_mean_crps_anomaly,southern_hemisphere,0.113508703315458,0.1259152378996038,0.0124065345841457,10.930029347323384
NorESM2-LM,tas,zonal_mean_crps_anomaly,tropics,0.1519714972399993,0.1830810966337089,0.0311095993937096,20.470680330654464
NorESM2-LM,tas,zonal_mean_crps_bias_adjusted,global,0.2681112831309097,0.2361758964754756,-0.0319353866554341,-11.911243078808113
NorESM2-LM,tas,zonal_mean_crps_bias_adjusted,northern_hemisphere,0.2926983686428742,0.289850509361807,-0.0028478592810671,-0.9729672544030796
NorESM2-LM,tas,zonal_mean_crps_bias_adjusted,southern_hemisphere,0.3011139494724267,0.281612343867169,-0.0195016056052577,-6.47648693772772
NorESM2-LM,tas,zonal_mean_crps_bias_adjusted,tropics,0.1558881081568939,0.1860470797920787,0.0301589716351847,19.346550543054384
NorESM2-LM,tos,zonal_mean_crps,global,0.6737854021566887,0.6161418579242848,-0.0576435442324039,-8.555178555055564
NorESM2-LM,tos,zonal_mean_crps,northern_hemisphere,0.1879334008252179,0.1995878290247034,0.0116544281994854,6.201360773715959
NorESM2-LM,tos,zonal_mean_crps,southern_hemisphere,1.0732451129842686,0.9552304320865208,-0.1180146808977479,-10.996060403163256
NorESM2-LM,tos,zonal_mean_crps,tropics,0.5906582496784352,0.5355778446903936,-0.0550804049880415,-9.325257882714466
NorESM2-LM,tos,zonal_mean_crps_anomaly,global,0.0732401653572365,0.0932274129655626,0.019987247608326,27.290008850794106
NorESM2-LM,tos,zonal_mean_crps_anomaly,northern_hemisphere,0.1105592038896348,0.1107006532174569,0.0001414493278221,0.1279398936006445
NorESM2-LM,tos,zonal_mean_crps_anomaly,southern_hemisphere,0.0549927914584124,0.0919431403831199,0.0369503489247074,67.19125897191577
NorESM2-LM,tos,zonal_mean_crps_anomaly,tropics,0.1381544519353796,0.1672808894404658,0.0291264375050862,21.082518222945065
NorESM2-LM,tos,zonal_mean_crps_bias_adjusted,global,0.1046378329948142,0.1132367081112331,0.0085988751164188,8.217749613416634
NorESM2-LM,tos,zonal_mean_crps_bias_adjusted,northern_hemisphere,0.1399042818281385,0.1310769752219871,-0.0088273066061514,-6.309532839741905
NorESM2-LM,tos,zonal_mean_crps_bias_adjusted,southern_hemisphere,0.1036293780362164,0.1254238923390706,0.0217945143028541,21.031212109791326
NorESM2-LM,tos,zonal_mean_crps_bias_adjusted,tropics,0.14272040437769,0.1691696802775065,0.0264492758998164,18.532231614073936
