time,model_name,variable_name,metric,global,northern_hemisphere,southern_hemisphere,tropics
2005-01-01,ACCESS-CM2,clt,CRPS,12.212873791140595,12.19521897298299,12.230528606975527,12.386899376160585
2005-01-01,ACCESS-CM2,pr,CRPS,1.4821540698356605e-05,1.4922640587773016e-05,1.4720440822240906e-05,2.265013344222421e-05
2005-01-01,ACCESS-CM2,tas,CRPS,1.4731095937513208,1.6850487698015568,1.2576909308886017,0.9765373531465157
2005-01-01,CESM2-WACCM,clt,CRPS,11.026139041989845,11.509840443484658,10.542439402824549,11.481262193918285
2005-01-01,CESM2-WACCM,od550aer,CRPS,0.06455136330394114,0.08063551738492393,0.0496797110367067,0.07760215046835876
2005-01-01,CESM2-WACCM,pr,CRPS,1.285380334160082e-05,1.3675402918767844e-05,1.203220559848693e-05,1.8208842493120812e-05
2005-01-01,CESM2-WACCM,tas,CRPS,1.2785275949766366,1.4539042855139748,1.1005366104266165,0.8454123994534043
2005-01-01,CanESM5,clt,CRPS,11.320454668023553,11.520279559913,11.120628260523224,13.01283457427796
2005-01-01,CanESM5,od550aer,CRPS,0.07334308570844733,0.09521589733931224,0.053340467286594695,0.08268300584775677
2005-01-01,CanESM5,pr,CRPS,1.4626424502951091e-05,1.5274263927088727e-05,1.3978583069327445e-05,2.2812523366273538e-05
2005-01-01,CanESM5,tas,CRPS,1.5636954304351558,1.8560862844025596,1.2673743863811635,1.308199324932209
2005-01-01,EC-Earth3-Veg,pr,CRPS,1.386425135427688e-05,1.3987596925521414e-05,1.374091044879201e-05,2.108025998913894e-05
2005-01-01,EC-Earth3-Veg,tas,CRPS,1.7600556174108677,1.666302117058101,1.8562309059109445,1.1021077669954502
2005-01-01,EC-Earth3-Veg-LR,clt,CRPS,11.783801040293833,10.646984842653174,12.920621889097388,12.569878858666053
2005-01-01,EC-Earth3-Veg-LR,pr,CRPS,1.3808779034535896e-05,1.3938190763349894e-05,1.3679372756160208e-05,2.0791227112282243e-05
2005-01-01,EC-Earth3-Veg-LR,tas,CRPS,1.976178207662753,1.9791661251292825,1.973433392496811,1.442322085742825
2005-01-01,FGOALS-g3,clt,CRPS,16.386320256303303,14.69518683116445,18.077453681442055,15.446760690249578
2005-01-01,FGOALS-g3,pr,CRPS,1.562570800585277e-05,1.6329945757147573e-05,1.4921470254557882e-05,2.323901459290021e-05
2005-01-01,FGOALS-g3,tas,CRPS,1.5315867919546868,1.9061027169974463,1.1517264422163334,0.9520317610715328
2005-01-01,FIO-ESM-2-0,clt,CRPS,11.15908509980153,10.49042588061528,11.827744318987802,12.03409025059735
2005-01-01,FIO-ESM-2-0,pr,CRPS,1.3799231712964274e-05,1.3993035664733882e-05,1.3605427761194699e-05,2.0275310295075406e-05
2005-01-01,FIO-ESM-2-0,tas,CRPS,1.3169042783834206,1.5172201557804545,1.1136371703214067,0.861980205569119
2005-01-01,GFDL-ESM4,pr,CRPS,1.3830083757683802e-05,1.4455787072180557e-05,1.3204385445000091e-05,2.092373575218313e-05
2005-01-01,GFDL-ESM4,tas,CRPS,1.4253387992455624,1.6508490956426825,1.1969013674806968,1.0370781089646826
2005-01-01,IPSL-CM6A-LR,clt,CRPS,12.548109693369277,13.427511582510704,11.553818788381031,14.576450716026871
2005-01-01,IPSL-CM6A-LR,od550aer,CRPS,0.08540597600056676,0.10144536083674553,0.068961067788372,0.11229522082307879
2005-01-01,IPSL-CM6A-LR,pr,CRPS,1.4067023645847376e-05,1.4208164973370978e-05,1.368246031031596e-05,2.0336298239759305e-05
2005-01-01,IPSL-CM6A-LR,tas,CRPS,1.4946681214829522,1.8158941341320436,1.1795724418228806,1.0053831887818965
2005-01-01,KACE-1-0-G,clt,CRPS,11.786456269170033,11.725006682935982,11.847905855404086,12.10977462097545
2005-01-01,KACE-1-0-G,od550aer,CRPS,0.0801320032940853,0.10862028531704222,0.05506127815285634,0.07661200955005673
2005-01-01,KACE-1-0-G,pr,CRPS,1.4745636431872808e-05,1.4626646977121305e-05,1.4864625886624314e-05,2.2103746793274706e-05
2005-01-01,KACE-1-0-G,tas,CRPS,1.4684030453473527,1.5955494792200877,1.339534500421209,0.9875781059738974
2005-01-01,MIROC6,clt,CRPS,11.543815723585453,11.467843252043743,11.619787430483447,10.641102663371589
2005-01-01,MIROC6,pr,CRPS,1.4198682206561838e-05,1.45047500955925e-05,1.3892613403323436e-05,2.0348742189838842e-05
2005-01-01,MIROC6,tas,CRPS,1.9533911917379394,1.9781721310650964,1.9280895386788435,1.1454316983733832
2005-01-01,MPI-ESM1-2-LR,clt,CRPS,11.610722269839071,10.997784223241647,12.223647853584465,12.411185231294226
2005-01-01,MPI-ESM1-2-LR,od550aer,CRPS,0.06999997170188949,0.08255169047598698,0.058582760234641935,0.0884905733330752
2005-01-01,MPI-ESM1-2-LR,pr,CRPS,1.433381474976766e-05,1.499119771065455e-05,1.3676416961230799e-05,2.1095028038714847e-05
2005-01-01,MPI-ESM1-2-LR,tas,CRPS,1.4736347189471282,1.579705516510554,1.3661903817858498,1.0041680548453356
2005-01-01,MRI-ESM2-0,pr,CRPS,1.4812889502194105e-05,1.5203444036276896e-05,1.4422346764416935e-05,2.287793251447203e-05
2005-01-01,MRI-ESM2-0,tas,CRPS,1.406555215141417,1.6021229191520054,1.208700123525233,1.042270683746305
2005-01-01,NorESM2-LM,clt,CRPS,12.543244906188638,12.123335517076669,12.963142742380285,12.60582299846449
2005-01-01,NorESM2-LM,pr,CRPS,1.3575879992651459e-05,1.3899442309217e-05,1.3252305172059955e-05,2.0204242234548855e-05
2005-01-01,NorESM2-LM,tas,CRPS,1.349595465299731,1.4597461133723975,1.2384278654914507,0.8980283587644021
2006-01-01,ACCESS-CM2,clt,CRPS,11.915695271880066,11.863730636572596,11.96765990035106,12.19452811391042
2006-01-01,ACCESS-CM2,pr,CRPS,1.4732047203361012e-05,1.4853752575498557e-05,1.4610341847235044e-05,2.2220116186779057e-05
2006-01-01,ACCESS-CM2,tas,CRPS,1.4421870942062904,1.602688963222252,1.2797136166095007,0.911044271236726
2006-01-01,CESM2-WACCM,clt,CRPS,10.798412248402103,11.38602330577091,10.210802819561078,11.133803234713833
2006-01-01,CESM2-WACCM,od550aer,CRPS,0.06412144464499328,0.08220859528000389,0.047612887246854495,0.0729817365733338
2006-01-01,CESM2-WACCM,pr,CRPS,1.2168174026180405e-05,1.2868391819743684e-05,1.146795803516545e-05,1.6835500593590384e-05
2006-01-01,CESM2-WACCM,tas,CRPS,1.3117712519581575,1.4904132147770126,1.1313665386855096,0.8146598196417325
2006-01-01,CanESM5,clt,CRPS,11.026305057612452,11.204288816322988,10.848319824862855,12.429586823025943
2006-01-01,CanESM5,od550aer,CRPS,0.06451153592187396,0.07975686597948037,0.05010312706241432,0.07359599902488671
2006-01-01,CanESM5,pr,CRPS,1.421618235749668e-05,1.4901477488676196e-05,1.353088526587503e-05,2.2037260686212057e-05
2006-01-01,CanESM5,tas,CRPS,1.5588413807409047,1.8331738379406577,1.2820428358775406,1.230514823201461
2006-01-01,EC-Earth3-Veg,pr,CRPS,1.3035176036442457e-05,1.3599957076662764e-05,1.2470399766795472e-05,1.909881251719099e-05
2006-01-01,EC-Earth3-Veg,tas,CRPS,1.8075124167473315,1.7254298322591242,1.8915626042793354,1.0639478045489879
2006-01-01,EC-Earth3-Veg-LR,clt,CRPS,11.14957399830113,10.207353405840367,12.091798991590176,11.294054082236213
2006-01-01,EC-Earth3-Veg-LR,pr,CRPS,1.2984702270153498e-05,1.3402883667524062e-05,1.2566525997951388e-05,1.8899377589262588e-05
2006-01-01,EC-Earth3-Veg-LR,tas,CRPS,1.9622360469732583,1.9880618027661587,1.9368831126640005,1.3116231707283166
2006-01-01,FGOALS-g3,clt,CRPS,16.17811721676878,14.749333203623072,17.60690122991438,15.089017098259967
2006-01-01,FGOALS-g3,pr,CRPS,1.4927094071402303e-05,1.6118817984370218e-05,1.373537015843431e-05,2.210547116939501e-05
2006-01-01,FGOALS-g3,tas,CRPS,1.4690774488458913,1.8473969241149495,1.0861448001751641,0.8568462110734522
2006-01-01,FIO-ESM-2-0,clt,CRPS,10.756288085278392,10.211840210751058,11.300735959805747,11.480910491505027
2006-01-01,FIO-ESM-2-0,pr,CRPS,1.323704253365225e-05,1.3759573994475665e-05,1.2714511072828869e-05,1.9167710071545692e-05
2006-01-01,FIO-ESM-2-0,tas,CRPS,1.301756800347318,1.4969974531102406,1.1046865377363952,0.7764673938818144
2006-01-01,GFDL-ESM4,pr,CRPS,1.311387938964666e-05,1.3763105610225794e-05,1.2464657952326268e-05,1.953996429394533e-05
2006-01-01,GFDL-ESM4,tas,CRPS,1.3739897139799992,1.5919910251745792,1.1539839840351152,0.9414620843981059
2006-01-01,IPSL-CM6A-LR,clt,CRPS,12.41250867016752,13.283995771163722,11.420169808975423,14.37862591447047
2006-01-01,IPSL-CM6A-LR,od550aer,CRPS,0.08395400062109866,0.10345884280546967,0.06431666605708569,0.10587715000476992
2006-01-01,IPSL-CM6A-LR,pr,CRPS,1.3948861285224822e-05,1.4170883308530703e-05,1.3487799235709537e-05,1.9955891005769496e-05
2006-01-01,IPSL-CM6A-LR,tas,CRPS,1.5480704279198072,1.9421168856207025,1.1625668189874598,0.9231687363440325
2006-01-01,KACE-1-0-G,clt,CRPS,11.476317956715905,11.492631997507763,11.460003915924053,11.748013154488026
2006-01-01,KACE-1-0-G,od550aer,CRPS,0.0832724220426143,0.11361160331181558,0.056294447277613895,0.08372032148735487
2006-01-01,KACE-1-0-G,pr,CRPS,1.4059575055814115e-05,1.4268951952512157e-05,1.3850198159116075e-05,2.0649769322447207e-05
2006-01-01,KACE-1-0-G,tas,CRPS,1.4551913887357895,1.5446679397846017,1.3649346130388509,0.8947540354753037
2006-01-01,MIROC6,clt,CRPS,11.340025341885218,11.354932525136727,11.325117413380843,10.601211197303256
2006-01-01,MIROC6,pr,CRPS,1.359055445243924e-05,1.4052766904139464e-05,1.3128341136824452e-05,1.9071776043241425e-05
2006-01-01,MIROC6,tas,CRPS,1.928711188560401,1.9301441342265484,1.9269728305595881,1.0887877958247774
2006-01-01,MPI-ESM1-2-LR,clt,CRPS,11.470417748754883,10.92980837419357,12.011014836691055,12.293384455170505
2006-01-01,MPI-ESM1-2-LR,od550aer,CRPS,0.06844507066271714,0.08258410324580841,0.055519501215980066,0.08252459663699542
2006-01-01,MPI-ESM1-2-LR,pr,CRPS,1.4387942854574524e-05,1.5076093275060447e-05,1.3699777561609996e-05,2.1286636265069402e-05
2006-01-01,MPI-ESM1-2-LR,tas,CRPS,1.4977753257732935,1.5653449785205062,1.4300792388620893,0.979007849217414
2006-01-01,MRI-ESM2-0,pr,CRPS,1.4532529700579102e-05,1.491748809466851e-05,1.414758288000217e-05,2.2416188982038223e-05
2006-01-01,MRI-ESM2-0,tas,CRPS,1.4902400671144995,1.7508218085179603,1.2271788063840998,1.0229343578681498
2006-01-01,NorESM2-LM,clt,CRPS,12.551513218265333,12.155897060202436,12.94711781579239,12.498533060790344
2006-01-01,NorESM2-LM,pr,CRPS,1.3398972776970075e-05,1.3559810079106229e-05,1.3238123133747853e-05,1.9987483306624048e-05
2006-01-01,NorESM2-LM,tas,CRPS,1.3392199307417656,1.4661136053880195,1.2116497752666628,0.8398325898757028
2007-01-01,ACCESS-CM2,clt,CRPS,12.136281874254259,12.080079225131279,12.192484515983212,12.31616129749338
2007-01-01,ACCESS-CM2,pr,CRPS,1.4790712699068927e-05,1.4686826149104798e-05,1.4894599235365726e-05,2.2360184390779432e-05
2007-01-01,ACCESS-CM2,tas,CRPS,1.4717302557295726,1.629142013062874,1.3126902894283596,0.9671613178804904
2007-01-01,CESM2-WACCM,clt,CRPS,11.141980078173702,11.532332402986901,10.751629618380335,11.752522661924777
2007-01-01,CESM2-WACCM,od550aer,CRPS,0.06425129157031403,0.0810458117016241,0.04876597046060296,0.07338749738124911
2007-01-01,CESM2-WACCM,pr,CRPS,1.304925869147218e-05,1.3428488494392939e-05,1.2670031139478858e-05,1.8340537820752133e-05
2007-01-01,CESM2-WACCM,tas,CRPS,1.3598362294420374,1.5591484679517533,1.1584542390123158,0.9244031641774635
2007-01-01,CanESM5,clt,CRPS,10.97264569385512,11.144410709358143,10.800879212190615,12.424505607161981
2007-01-01,CanESM5,od550aer,CRPS,0.07035099942505071,0.08746765234432581,0.054596133989756546,0.08029314565927713
2007-01-01,CanESM5,pr,CRPS,1.453684175979184e-05,1.4979019318271224e-05,1.4094662230668905e-05,2.2333981601251255e-05
2007-01-01,CanESM5,tas,CRPS,1.5646796457400862,1.868702186059961,1.2576484964524812,1.2822359538924555
2007-01-01,EC-Earth3-Veg,pr,CRPS,1.3827694337275253e-05,1.3969530721408221e-05,1.3685862622690845e-05,2.043522798233154e-05
2007-01-01,EC-Earth3-Veg,tas,CRPS,1.7751841518621312,1.6957637576460922,1.8568318413401783,1.1261132721250562
2007-01-01,EC-Earth3-Veg-LR,clt,CRPS,11.48877207415135,10.241703087661778,12.735845595353467,12.138390828041636
2007-01-01,EC-Earth3-Veg-LR,pr,CRPS,1.3897524972521374e-05,1.3970899962245606e-05,1.3824155468264207e-05,2.0491196219752514e-05
2007-01-01,EC-Earth3-Veg-LR,tas,CRPS,1.9751951544516544,2.0208167514808664,1.9297939397470767,1.3267531456241244
2007-01-01,FGOALS-g3,clt,CRPS,16.512110528747986,14.96821008385381,18.056010973642056,15.633802532717448
2007-01-01,FGOALS-g3,pr,CRPS,1.559489142716601e-05,1.650824679303746e-05,1.4681536061294479e-05,2.270862974087617e-05
2007-01-01,FGOALS-g3,tas,CRPS,1.5347838394038982,1.9248114161515397,1.1410895042022677,0.944266449808968
2007-01-01,FIO-ESM-2-0,clt,CRPS,10.816547666231328,10.05765430484349,11.575441027619183,11.509410266187052
2007-01-01,FIO-ESM-2-0,pr,CRPS,1.3356091685024275e-05,1.3593450597327952e-05,1.3118732772720634e-05,1.8983651063407316e-05
2007-01-01,FIO-ESM-2-0,tas,CRPS,1.3287025615724086,1.5140486986791892,1.1420966212512613,0.7832882061595815
2007-01-01,GFDL-ESM4,pr,CRPS,1.3543152986010838e-05,1.3977082675067943e-05,1.3109228065615273e-05,1.9830411006030606e-05
2007-01-01,GFDL-ESM4,tas,CRPS,1.425682003251935,1.6425082921173322,1.206861490827524,1.016069481771984
2007-01-01,IPSL-CM6A-LR,clt,CRPS,12.761884353774377,13.365299101484384,11.97966810109539,15.04719254970878
2007-01-01,IPSL-CM6A-LR,od550aer,CRPS,0.0872738466728359,0.10552496224856307,0.06936484827924819,0.11116988525480774
2007-01-01,IPSL-CM6A-LR,pr,CRPS,1.4336443291073479e-05,1.4202925780665828e-05,1.422897044356421e-05,2.0610460334292e-05
2007-01-01,IPSL-CM6A-LR,tas,CRPS,1.5640803219392367,1.9231172521228581,1.2083939225776437,1.0382123387228022
2007-01-01,KACE-1-0-G,clt,CRPS,12.164785027682134,12.09582007346682,12.233749981897452,12.790766040102653
2007-01-01,KACE-1-0-G,od550aer,CRPS,0.07994521229368241,0.10742347557051855,0.05577614424898333,0.08036563972176107
2007-01-01,KACE-1-0-G,pr,CRPS,1.517312811022758e-05,1.5267444152065195e-05,1.5078812068389969e-05,2.284230595478006e-05
2007-01-01,KACE-1-0-G,tas,CRPS,1.5102175965350524,1.6204105331830554,1.3992520918446127,1.0488058493364933
2007-01-01,MIROC6,clt,CRPS,11.231924942532274,11.244508892857768,11.219340253914615,10.586134422868103
2007-01-01,MIROC6,pr,CRPS,1.367129169994836e-05,1.3923868215116272e-05,1.3418714301757789e-05,1.8756530781061662e-05
2007-01-01,MIROC6,tas,CRPS,1.981968552607438,2.00519765884876,1.9585278201889305,1.1760859956297642
2007-01-01,MPI-ESM1-2-LR,clt,CRPS,11.47149468815087,10.802208393758832,12.140768643994418,12.19149282450519
2007-01-01,MPI-ESM1-2-LR,od550aer,CRPS,0.0715339245196014,0.08480494212349882,0.059496148469247535,0.08822345093044677
2007-01-01,MPI-ESM1-2-LR,pr,CRPS,1.4469511362016445e-05,1.5087409139618276e-05,1.385159859835142e-05,2.1281363381913185e-05
2007-01-01,MPI-ESM1-2-LR,tas,CRPS,1.4879845334139048,1.5654891946182294,1.4101889444592306,1.0344575824825004
2007-01-01,MRI-ESM2-0,pr,CRPS,1.4733777408590123e-05,1.496533997751438e-05,1.4502226531682165e-05,2.248096670447675e-05
2007-01-01,MRI-ESM2-0,tas,CRPS,1.4295503163747159,1.6304406193386602,1.2272855535209717,1.0031826334501355
2007-01-01,NorESM2-LM,clt,CRPS,12.14399336728539,11.52313101102603,12.764844538353929,12.009631148372184
2007-01-01,NorESM2-LM,pr,CRPS,1.2936992342289766e-05,1.2417907641179224e-05,1.345606512782002e-05,1.876611792382778e-05
2007-01-01,NorESM2-LM,tas,CRPS,1.3806766294550965,1.444666158189862,1.3171621184243048,0.8974792959709545
2008-01-01,ACCESS-CM2,clt,CRPS,12.335976291702925,12.443283967040843,12.228668630482415,12.74004358613078
2008-01-01,ACCESS-CM2,pr,CRPS,1.5139956103480789e-05,1.4950310615591446e-05,1.5329601566420347e-05,2.309499554916186e-05
2008-01-01,ACCESS-CM2,tas,CRPS,1.4896954648945437,1.6629701977365692,1.3132238382919932,1.000669674865146
2008-01-01,CESM2-WACCM,clt,CRPS,11.141585700887093,11.510909669017293,10.77226361568173,11.861063455122668
2008-01-01,CESM2-WACCM,od550aer,CRPS,0.06641884993887877,0.08530653718945157,0.049136125570991236,0.07562243304215074
2008-01-01,CESM2-WACCM,pr,CRPS,1.3456109474700661e-05,1.3816684783155747e-05,1.3095536513416624e-05,1.936502420953139e-05
2008-01-01,CESM2-WACCM,tas,CRPS,1.3602105250869052,1.5467878103309067,1.1711903489356816,0.958716306115497
2008-01-01,CanESM5,clt,CRPS,11.133703966995164,11.24917673806489,11.018229715980908,12.635308430862837
2008-01-01,CanESM5,od550aer,CRPS,0.06715882329453353,0.08442247554055904,0.05114050498187108,0.0767143657770422
2008-01-01,CanESM5,pr,CRPS,1.4588547389590898e-05,1.50171164480602e-05,1.4159976355465971e-05,2.287204081277907e-05
2008-01-01,CanESM5,tas,CRPS,1.5900384985445302,1.8878413850886957,1.2884232527294097,1.398602157337498
2008-01-01,EC-Earth3-Veg,pr,CRPS,1.3833218981049027e-05,1.4144457720238905e-05,1.3521985058097862e-05,2.072520245519702e-05
2008-01-01,EC-Earth3-Veg,tas,CRPS,1.7833992289016072,1.719131527092454,1.8497070037104368,1.0292491155743382
2008-01-01,EC-Earth3-Veg-LR,clt,CRPS,11.571291022800109,10.588757476903977,12.55382913597969,12.035764578158956
2008-01-01,EC-Earth3-Veg-LR,pr,CRPS,1.3695603627309815e-05,1.3824591702811856e-05,1.3566620957574829e-05,2.034317635852612e-05
2008-01-01,EC-Earth3-Veg-LR,tas,CRPS,1.9470480472746898,1.972304395729599,1.9215162062421014,1.2701150680512223
2008-01-01,FGOALS-g3,clt,CRPS,16.46411663780329,15.034948873242655,17.893284402363825,15.679230559872039
2008-01-01,FGOALS-g3,pr,CRPS,1.6219790260207874e-05,1.6793278715346914e-05,1.564630180506874e-05,2.445044212591105e-05
2008-01-01,FGOALS-g3,tas,CRPS,1.5560068244957035,1.930720558653573,1.1763552475800794,1.0096776006473156
2008-01-01,FIO-ESM-2-0,clt,CRPS,10.94762569404224,10.417442350510653,11.477809037573847,11.637332158669777
2008-01-01,FIO-ESM-2-0,pr,CRPS,1.3698968666952936e-05,1.4150902754409526e-05,1.3247034579496383e-05,1.9982964227336582e-05
2008-01-01,FIO-ESM-2-0,tas,CRPS,1.3367275532224692,1.5345520455578157,1.1361761735715394,0.8393909307040087
2008-01-01,GFDL-ESM4,pr,CRPS,1.3350437384687612e-05,1.3882884765116476e-05,1.281799478082211e-05,1.990150938655569e-05
2008-01-01,GFDL-ESM4,tas,CRPS,1.3842341388896624,1.6051629486866126,1.1611290643467225,0.9759025376755668
2008-01-01,IPSL-CM6A-LR,clt,CRPS,12.968181575134544,13.928314410672973,11.86940563744278,15.231822422798702
2008-01-01,IPSL-CM6A-LR,od550aer,CRPS,0.0863753845064426,0.10874646830274425,0.06449516067146031,0.10645967696355695
2008-01-01,IPSL-CM6A-LR,pr,CRPS,1.452965465847873e-05,1.4705049275546365e-05,1.4174752917025516e-05,2.1137196840925932e-05
2008-01-01,IPSL-CM6A-LR,tas,CRPS,1.5655420985121518,1.9544967588287292,1.181909102606612,1.0290250590730128
2008-01-01,KACE-1-0-G,clt,CRPS,12.113810979809317,12.1795607966775,12.048061162941138,12.739348212918623
2008-01-01,KACE-1-0-G,od550aer,CRPS,0.07591051293601794,0.10347302910763923,0.051490205674485146,0.07550107472344479
2008-01-01,KACE-1-0-G,pr,CRPS,1.5304079482395534e-05,1.4990975036206412e-05,1.5617183928584663e-05,2.3168736765896782e-05
2008-01-01,KACE-1-0-G,tas,CRPS,1.57910196976532,1.7024492636892479,1.4535194224608723,1.1498835116668562
2008-01-01,MIROC6,clt,CRPS,11.403682083599527,11.38341195710332,11.423951458339063,10.818719580480497
2008-01-01,MIROC6,pr,CRPS,1.3543963271615038e-05,1.3643105228958866e-05,1.344482042953063e-05,1.8672906725547997e-05
2008-01-01,MIROC6,tas,CRPS,2.0628479737618473,2.1478155915141808,1.9770886679400155,1.1606755338918613
2008-01-01,MPI-ESM1-2-LR,clt,CRPS,11.685346791744593,11.229640071932216,12.141041032219013,12.784875312237718
2008-01-01,MPI-ESM1-2-LR,od550aer,CRPS,0.07121805496919113,0.08936816859538145,0.05461735866617803,0.08485327512280877
2008-01-01,MPI-ESM1-2-LR,pr,CRPS,1.4685739612381591e-05,1.5316728414758704e-05,1.4054735601516345e-05,2.2085348710671435e-05
2008-01-01,MPI-ESM1-2-LR,tas,CRPS,1.4728661851752995,1.5693261039496207,1.3756482813905642,1.0177558795485013
2008-01-01,MRI-ESM2-0,pr,CRPS,1.5466244957936314e-05,1.5753899535063373e-05,1.5178602665807322e-05,2.4127599107502403e-05
2008-01-01,MRI-ESM2-0,tas,CRPS,1.5166704910574762,1.7579137492218846,1.273122635151697,1.128556724002696
2008-01-01,NorESM2-LM,clt,CRPS,12.37956958800509,11.816097814652919,12.943029959189621,12.60967014509891
2008-01-01,NorESM2-LM,pr,CRPS,1.3492908657455003e-05,1.325659458221896e-05,1.3729210305085597e-05,2.0095381355514038e-05
2008-01-01,NorESM2-LM,tas,CRPS,1.3971395175675134,1.4989350319238082,1.295016492589026,0.9481664713166834
2009-01-01,ACCESS-CM2,clt,CRPS,12.14483063543309,11.96686371101932,12.322797536433512,12.186453236805077
2009-01-01,ACCESS-CM2,pr,CRPS,1.4624179083096796e-05,1.4378979971987766e-05,1.4869378161947396e-05,2.2331797006859246e-05
2009-01-01,ACCESS-CM2,tas,CRPS,1.391917829116398,1.549629379507521,1.2327312433362536,0.9106822460098053
2009-01-01,CESM2-WACCM,clt,CRPS,10.97999073369214,11.696462605673988,10.263520415874043,11.073206071972843
2009-01-01,CESM2-WACCM,od550aer,CRPS,0.06494287364564154,0.08448698706635831,0.046850881311577976,0.0751177413521263
2009-01-01,CESM2-WACCM,pr,CRPS,1.2827630400734312e-05,1.3607336542991519e-05,1.2047926123191133e-05,1.794793873484796e-05
2009-01-01,CESM2-WACCM,tas,CRPS,1.3350506050902193,1.4774717833006301,1.1913558980190995,0.8488132167141705
2009-01-01,CanESM5,clt,CRPS,11.040252426090369,11.243967099099732,10.836536273821856,12.253139693520238
2009-01-01,CanESM5,od550aer,CRPS,0.06650695319319076,0.08314967635600669,0.05053513454429557,0.07374251575223846
2009-01-01,CanESM5,pr,CRPS,1.4134139367131914e-05,1.4199545198607054e-05,1.4068731667561031e-05,2.1879824608734623e-05
2009-01-01,CanESM5,tas,CRPS,1.5775549454058444,1.872008193338137,1.280640761315871,1.3166127764065605
2009-01-01,EC-Earth3-Veg,pr,CRPS,1.3014616512314466e-05,1.3430141068691325e-05,1.2599096592104214e-05,1.898841683209542e-05
2009-01-01,EC-Earth3-Veg,tas,CRPS,1.7161676753488233,1.647084709418419,1.7872384949526179,1.0496724872042897
2009-01-01,EC-Earth3-Veg-LR,clt,CRPS,11.475369927816757,10.596587886955305,12.354156498100815,11.752856681729455
2009-01-01,EC-Earth3-Veg-LR,pr,CRPS,1.3267082511617534e-05,1.364456410644397e-05,1.288960615341735e-05,1.9531981616351967e-05
2009-01-01,EC-Earth3-Veg-LR,tas,CRPS,1.9620338425745294,1.9798279026051144,1.9445550295698457,1.4270241598604896
2009-01-01,FGOALS-g3,clt,CRPS,16.292277607813,14.63367776066188,17.95087745496402,15.126654733497439
2009-01-01,FGOALS-g3,pr,CRPS,1.5559186158869178e-05,1.6136292451572236e-05,1.4982079866166035e-05,2.316820850897084e-05
2009-01-01,FGOALS-g3,tas,CRPS,1.5042211281366786,1.8799992847561298,1.1241792560876094,0.9101066996104769
2009-01-01,FIO-ESM-2-0,clt,CRPS,10.971835469513882,10.318987429968866,11.624683509058917,11.26843528912052
2009-01-01,FIO-ESM-2-0,pr,CRPS,1.3168420117894275e-05,1.355157954065524e-05,1.278526069513334e-05,1.870759280016098e-05
2009-01-01,FIO-ESM-2-0,tas,CRPS,1.3207096006640553,1.5312459750851273,1.1083641915909839,0.7812189349974709
2009-01-01,GFDL-ESM4,pr,CRPS,1.3191735497895818e-05,1.359818773243659e-05,1.2785287896543694e-05,1.9487819196324485e-05
2009-01-01,GFDL-ESM4,tas,CRPS,1.392426048023166,1.6186603725974835,1.1648654970417514,0.9714899397483188
2009-01-01,IPSL-CM6A-LR,clt,CRPS,12.51214867225971,13.583198895227634,11.368268871329619,14.281278590973194
2009-01-01,IPSL-CM6A-LR,od550aer,CRPS,0.08811425175919306,0.11364823037223122,0.06322180507922,0.10746891187169476
2009-01-01,IPSL-CM6A-LR,pr,CRPS,1.3933295803902345e-05,1.4120204070042208e-05,1.3519920132887271e-05,1.960310109194515e-05
2009-01-01,IPSL-CM6A-LR,tas,CRPS,1.5061034036296583,1.8775090515061805,1.1474029608400447,0.8853256450370632
2009-01-01,KACE-1-0-G,clt,CRPS,11.672906403021543,11.64710331601144,11.698709490031645,11.674693846959372
2009-01-01,KACE-1-0-G,od550aer,CRPS,0.07442572852814966,0.09929263436874686,0.05278266580324873,0.07956462133325515
2009-01-01,KACE-1-0-G,pr,CRPS,1.4022061982656226e-05,1.3974200376928663e-05,1.4069923588383793e-05,2.0434644513860818e-05
2009-01-01,KACE-1-0-G,tas,CRPS,1.4464221828590669,1.5555091944868418,1.335912124987015,0.9264819723476504
2009-01-01,MIROC6,clt,CRPS,11.349291354319027,11.18848596250948,11.510095988703135,10.167315953503039
2009-01-01,MIROC6,pr,CRPS,1.4156461813049932e-05,1.4368335213335377e-05,1.394458749513658e-05,2.0116940756631164e-05
2009-01-01,MIROC6,tas,CRPS,1.9669500338927197,2.0313409546274923,1.9011570487651364,1.1379402942533419
2009-01-01,MPI-ESM1-2-LR,clt,CRPS,11.805837558913723,11.191334896940573,12.42032755204776,12.4399334803149
2009-01-01,MPI-ESM1-2-LR,od550aer,CRPS,0.07023539949868031,0.08670737201011003,0.054925825109310905,0.08386797499106254
2009-01-01,MPI-ESM1-2-LR,pr,CRPS,1.4039614968143268e-05,1.4286768764012677e-05,1.3792446492364515e-05,2.0315277535460354e-05
2009-01-01,MPI-ESM1-2-LR,tas,CRPS,1.4749868806636934,1.5586435082057726,1.390888003514366,0.971912156060113
2009-01-01,MRI-ESM2-0,pr,CRPS,1.5521670197959198e-05,1.541092181372266e-05,1.563243080611213e-05,2.4323621351603013e-05
2009-01-01,MRI-ESM2-0,tas,CRPS,1.4734158473138115,1.6975827629897917,1.2477337694352133,1.0003939073071804
2009-01-01,NorESM2-LM,clt,CRPS,12.485334039126634,12.07530653196443,12.895350046707152,12.230587704414942
2009-01-01,NorESM2-LM,pr,CRPS,1.3284136553354231e-05,1.3497371851484788e-05,1.3070889019907187e-05,1.9852714491903165e-05
2009-01-01,NorESM2-LM,tas,CRPS,1.3722468229264424,1.5189707369227943,1.2249578993986308,0.8561380530136092
2010-01-01,ACCESS-CM2,clt,CRPS,12.291959200007659,12.154007390601288,12.429910991265073,12.494408115609493
2010-01-01,ACCESS-CM2,pr,CRPS,1.579216960635224e-05,1.5649114550106138e-05,1.5935224643778e-05,2.4892379757300562e-05
2010-01-01,ACCESS-CM2,tas,CRPS,1.5074715400877217,1.6838513534700477,1.3291722047079777,1.0049237512127165
2010-01-01,CESM2-WACCM,clt,CRPS,11.189230747524308,11.863739425374625,10.51472370101636,11.591291804870535
2010-01-01,CESM2-WACCM,od550aer,CRPS,0.0653292770392641,0.08447474116544135,0.0479504201500618,0.07579523528910596
2010-01-01,CESM2-WACCM,pr,CRPS,1.313899903707681e-05,1.398562705937807e-05,1.2292372883707644e-05,1.8439053540339067e-05
2010-01-01,CESM2-WACCM,tas,CRPS,1.4011595346681716,1.6175558075714436,1.1827390183221287,0.8749770390541749
2010-01-01,CanESM5,clt,CRPS,11.539957742784209,11.723745565037907,11.356168378151589,13.13420387496643
2010-01-01,CanESM5,od550aer,CRPS,0.0663656692953989,0.07858691510562564,0.054725106651657675,0.0767899757113469
2010-01-01,CanESM5,pr,CRPS,1.545089905404465e-05,1.577429481622523e-05,1.512750121659387e-05,2.4667597035393996e-05
2010-01-01,CanESM5,tas,CRPS,1.6536112923823927,2.0180711214339593,1.2855869636673405,1.4675198982112816
2010-01-01,EC-Earth3-Veg,pr,CRPS,1.4859061011390065e-05,1.5323992258818777e-05,1.4394135049061247e-05,2.3023642005181828e-05
2010-01-01,EC-Earth3-Veg,tas,CRPS,1.9131044133803297,1.8544698671335231,1.974016331327646,1.3334717483516991
2010-01-01,EC-Earth3-Veg-LR,clt,CRPS,12.300677480502136,11.295354182330442,13.30600563385209,13.49609974759179
2010-01-01,EC-Earth3-Veg-LR,pr,CRPS,1.5008109514660382e-05,1.5067035132946396e-05,1.4949189820198256e-05,2.341903056371771e-05
2010-01-01,EC-Earth3-Veg-LR,tas,CRPS,2.074218367765036,2.0848637733144155,2.0641655132895287,1.555282475514372
2010-01-01,FGOALS-g3,clt,CRPS,16.911252161219572,15.11890999385078,18.703594328588256,16.278610570171285
2010-01-01,FGOALS-g3,pr,CRPS,1.681853512400269e-05,1.760682986468215e-05,1.6030240383323135e-05,2.5746728135843785e-05
2010-01-01,FGOALS-g3,tas,CRPS,1.5502006397394135,1.9070093657958285,1.1894096913653138,1.0594544427946782
2010-01-01,FIO-ESM-2-0,clt,CRPS,11.508524285795195,10.825504622425603,12.19154394916481,12.566137450327483
2010-01-01,FIO-ESM-2-0,pr,CRPS,1.4724415597997954e-05,1.4842246137242989e-05,1.4606585058752959e-05,2.2043990925754706e-05
2010-01-01,FIO-ESM-2-0,tas,CRPS,1.4378763875200529,1.6593123712547078,1.2144329867753367,1.00651793779688
2010-01-01,GFDL-ESM4,pr,CRPS,1.461591756064098e-05,1.4793468334478245e-05,1.4438371722798645e-05,2.2818467548866655e-05
2010-01-01,GFDL-ESM4,tas,CRPS,1.441927833691618,1.6380245153176947,1.2439928916959009,1.1174428992083856
2010-01-01,IPSL-CM6A-LR,clt,CRPS,12.690583260365436,13.892884064746797,11.378269425157379,14.542976045885927
2010-01-01,IPSL-CM6A-LR,od550aer,CRPS,0.08647291862189194,0.10554863327148933,0.06808424601928947,0.10914634179493697
2010-01-01,IPSL-CM6A-LR,pr,CRPS,1.4569296657079063e-05,1.4723328459711376e-05,1.4199599569137644e-05,2.1268010629420816e-05
2010-01-01,IPSL-CM6A-LR,tas,CRPS,1.5335299179366715,1.9067659663340233,1.1693961210470085,0.9962948356437628
2010-01-01,KACE-1-0-G,clt,CRPS,11.91827827714259,11.726271346158981,12.110285208126205,12.281030649082822
2010-01-01,KACE-1-0-G,od550aer,CRPS,0.0786857695857039,0.1027324119082143,0.05766340220645033,0.08083429141120829
2010-01-01,KACE-1-0-G,pr,CRPS,1.526759121271892e-05,1.5020224064457835e-05,1.551495836098001e-05,2.355861200785658e-05
2010-01-01,KACE-1-0-G,tas,CRPS,1.473265427806551,1.5874199647296345,1.3581506164675368,0.998678119195755
2010-01-01,MIROC6,clt,CRPS,11.76629917144003,11.903564512879475,11.62903306474845,10.779095240632666
2010-01-01,MIROC6,pr,CRPS,1.488168165272714e-05,1.5140081758579005e-05,1.4623280584585758e-05,2.1473145983149196e-05
2010-01-01,MIROC6,tas,CRPS,2.0034415621370347,1.992040295224008,2.0151915168758148,1.2098504975219802
2010-01-01,MPI-ESM1-2-LR,clt,CRPS,12.377590329252513,11.737099827039733,13.018067550567492,13.618596028028934
2010-01-01,MPI-ESM1-2-LR,od550aer,CRPS,0.07187812207236803,0.08501735182485853,0.06011986392675889,0.08812702626982506
2010-01-01,MPI-ESM1-2-LR,pr,CRPS,1.533709862564723e-05,1.58138673655278e-05,1.4860313930815625e-05,2.3355941321826062e-05
2010-01-01,MPI-ESM1-2-LR,tas,CRPS,1.5605515913335124,1.6542298823000576,1.4668765639767283,1.1347756855483475
2010-01-01,MRI-ESM2-0,pr,CRPS,1.5487782241325475e-05,1.5691959214939187e-05,1.5283617547745514e-05,2.4737504069061153e-05
2010-01-01,MRI-ESM2-0,tas,CRPS,1.4538230924897366,1.6495523028598624,1.2571735514061078,1.0297072655444186
2010-01-01,NorESM2-LM,clt,CRPS,12.596712916384677,12.274882831897584,12.918531398704891,12.569526660265796
2010-01-01,NorESM2-LM,pr,CRPS,1.4114234083979169e-05,1.4044540686071595e-05,1.418391448201126e-05,2.1614015776854246e-05
2010-01-01,NorESM2-LM,tas,CRPS,1.438814728527002,1.6161356992861045,1.26058704281805,0.9688799763605219
2011-01-01,ACCESS-CM2,clt,CRPS,12.643438003068757,12.677151848204455,12.609724162368453,12.796631105050679
2011-01-01,ACCESS-CM2,pr,CRPS,1.5239923996109837e-05,1.5304649208002167e-05,1.5175198792732765e-05,2.335433914756991e-05
2011-01-01,ACCESS-CM2,tas,CRPS,1.5199199610783796,1.7321650678510003,1.3051973398056484,1.088753168955064
2011-01-01,CESM2-WACCM,clt,CRPS,11.502021144425592,12.01354262894705,10.990501492356694,12.118934713607063
2011-01-01,CESM2-WACCM,od550aer,CRPS,0.0668357290632297,0.086348324534387,0.04885400984455248,0.07721211338429614
2011-01-01,CESM2-WACCM,pr,CRPS,1.2947606754803225e-05,1.3822311574106196e-05,1.2072903742651172e-05,1.874485258634965e-05
2011-01-01,CESM2-WACCM,tas,CRPS,1.4119413262689149,1.648688299667813,1.1723959431412465,1.016887433541927
2011-01-01,CanESM5,clt,CRPS,11.216037834001819,11.293846748483391,11.138227433698924,12.606034211980585
2011-01-01,CanESM5,od550aer,CRPS,0.07165169066465586,0.08725776535563147,0.057037127645851754,0.08371561265273524
2011-01-01,CanESM5,pr,CRPS,1.4612863837408817e-05,1.5471361673677577e-05,1.3754363965723817e-05,2.3042453152248107e-05
2011-01-01,CanESM5,tas,CRPS,1.6427291457229165,1.9595186164170049,1.3228514351230751,1.5625734168641332
2011-01-01,EC-Earth3-Veg,pr,CRPS,1.3909744771565326e-05,1.4188873880808786e-05,1.3630620476271516e-05,2.0733897786665258e-05
2011-01-01,EC-Earth3-Veg,tas,CRPS,1.8312912125137213,1.7404611338921114,1.923636841766628,1.168301168226882
2011-01-01,EC-Earth3-Veg-LR,clt,CRPS,11.762207935250599,10.579171456698779,12.945249056442341,12.063381801699832
2011-01-01,EC-Earth3-Veg-LR,pr,CRPS,1.388775929662713e-05,1.4108095345912338e-05,1.3667428728954395e-05,2.0667563862253263e-05
2011-01-01,EC-Earth3-Veg-LR,tas,CRPS,1.9766655717228823,1.99708176698641,1.9562522811467034,1.349508747274138
2011-01-01,FGOALS-g3,clt,CRPS,16.775298387868926,15.41377496384449,18.136821811893252,16.113871266640974
2011-01-01,FGOALS-g3,pr,CRPS,1.6236421025091616e-05,1.712158350958839e-05,1.5351258540594762e-05,2.4729918553369743e-05
2011-01-01,FGOALS-g3,tas,CRPS,1.60554614981132,1.9797284632759489,1.2275210027889971,1.0627643436132443
2011-01-01,FIO-ESM-2-0,clt,CRPS,11.293059955771492,10.575564892861568,12.010555018681435,12.064577097625872
2011-01-01,FIO-ESM-2-0,pr,CRPS,1.3966326424912133e-05,1.4342389516199017e-05,1.3590263333625287e-05,2.0628686831439033e-05
2011-01-01,FIO-ESM-2-0,tas,CRPS,1.394611463401531,1.6274496749197898,1.1595848243398532,0.9030013684053833
2011-01-01,GFDL-ESM4,pr,CRPS,1.3392114263147475e-05,1.3884247605049668e-05,1.2899985682344649e-05,1.9856278988779247e-05
2011-01-01,GFDL-ESM4,tas,CRPS,1.4172999104927897,1.6416832111356563,1.1910046378656167,0.9917048521597612
2011-01-01,IPSL-CM6A-LR,clt,CRPS,12.98262681126763,14.046106194171186,11.790962992089684,15.14248053298514
2011-01-01,IPSL-CM6A-LR,od550aer,CRPS,0.09067134748463002,0.11287629950566506,0.0683854057944891,0.11376668816933865
2011-01-01,IPSL-CM6A-LR,pr,CRPS,1.484539459075095e-05,1.52308594327447e-05,1.4211703394483247e-05,2.184946754182486e-05
2011-01-01,IPSL-CM6A-LR,tas,CRPS,1.5048570932547525,1.8348016938122014,1.183991586144519,0.9590242841426709
2011-01-01,KACE-1-0-G,clt,CRPS,12.223330646964078,12.242051684783888,12.20460960914427,12.583309988905205
2011-01-01,KACE-1-0-G,od550aer,CRPS,0.07096703550125218,0.09520651136277077,0.04983548012455346,0.07496606101455833
2011-01-01,KACE-1-0-G,pr,CRPS,1.4912790005261723e-05,1.4822542830296714e-05,1.5003037180226735e-05,2.231823857986639e-05
2011-01-01,KACE-1-0-G,tas,CRPS,1.5328504177989781,1.6322096706989229,1.4319814493813257,1.0959789544099077
2011-01-01,MIROC6,clt,CRPS,11.655092332106344,11.687816813011999,11.62236708638722,10.948262883101885
2011-01-01,MIROC6,pr,CRPS,1.3793017129650108e-05,1.4190965764350818e-05,1.339506761348281e-05,1.930202937251098e-05
2011-01-01,MIROC6,tas,CRPS,2.0183710020246806,2.060758166116665,1.9752526340952803,1.2091332394323835
2011-01-01,MPI-ESM1-2-LR,clt,CRPS,12.255300039820005,11.689717467020449,12.82086949000575,13.49624459041876
2011-01-01,MPI-ESM1-2-LR,od550aer,CRPS,0.07453004503721868,0.09056750677882903,0.05956234801879287,0.09158502341690035
2011-01-01,MPI-ESM1-2-LR,pr,CRPS,1.5199850412849745e-05,1.5790343626087606e-05,1.4609341434010068e-05,2.303058886919173e-05
2011-01-01,MPI-ESM1-2-LR,tas,CRPS,1.594767541928163,1.6874425914031932,1.5016863942255851,1.1490642302321183
2011-01-01,MRI-ESM2-0,pr,CRPS,1.512576205316985e-05,1.579245140661315e-05,1.4459084815680614e-05,2.356212998122437e-05
2011-01-01,MRI-ESM2-0,tas,CRPS,1.5177548155916032,1.6991681050998542,1.3350908936861987,1.1211802404598592
2011-01-01,NorESM2-LM,clt,CRPS,12.65543003687924,12.096328577193011,13.21451984031735,12.652227919205606
2011-01-01,NorESM2-LM,pr,CRPS,1.392212977654918e-05,1.3995128046210488e-05,1.3849118683949525e-05,2.129429480438121e-05
2011-01-01,NorESM2-LM,tas,CRPS,1.4225830469694871,1.5530545325988563,1.2912494156973047,0.9912333056677922
2012-01-01,ACCESS-CM2,clt,CRPS,11.976796629932215,12.09252495022293,11.861068324866734,12.162593406597757
2012-01-01,ACCESS-CM2,pr,CRPS,1.4797910173689984e-05,1.4578164843265294e-05,1.501765547520495e-05,2.2274261627543046e-05
2012-01-01,ACCESS-CM2,tas,CRPS,1.5459003491931058,1.7193176715169125,1.3696449009457663,1.0438178487027587
2012-01-01,CESM2-WACCM,clt,CRPS,11.314908251261132,11.935843477674473,10.693974726806713,12.049864532415135
2012-01-01,CESM2-WACCM,od550aer,CRPS,0.068591841966167,0.08981400827856338,0.049077360195457144,0.07734631063731055
2012-01-01,CESM2-WACCM,pr,CRPS,1.3315945737216871e-05,1.424165861577695e-05,1.2390234694877736e-05,1.954698381649891e-05
2012-01-01,CESM2-WACCM,tas,CRPS,1.473594597322636,1.7254863943798118,1.218333377095705,1.098167747478991
2012-01-01,CanESM5,clt,CRPS,11.19558300679345,11.424436143825199,10.966728366760007,12.510198085138313
2012-01-01,CanESM5,od550aer,CRPS,0.07435290098790164,0.09642357742862116,0.05360437836428211,0.08263773313171259
2012-01-01,CanESM5,pr,CRPS,1.4344844214394814e-05,1.5057360076535042e-05,1.3632326371304503e-05,2.2598529469901556e-05
2012-01-01,CanESM5,tas,CRPS,1.608900781163827,1.9449426482306944,1.2689508746298996,1.4497867143559322
2012-01-01,EC-Earth3-Veg,pr,CRPS,1.3703471825182873e-05,1.3946159070178335e-05,1.3460789295123995e-05,2.077898243908876e-05
2012-01-01,EC-Earth3-Veg,tas,CRPS,1.836827313421885,1.7498951106153973,1.92660933333658,1.070014785721202
2012-01-01,EC-Earth3-Veg-LR,clt,CRPS,11.638581322142825,10.782122484764008,12.495044753365121,12.172156678384178
2012-01-01,EC-Earth3-Veg-LR,pr,CRPS,1.3664726586482622e-05,1.3854786628193152e-05,1.347467193835172e-05,2.0409130019687617e-05
2012-01-01,EC-Earth3-Veg-LR,tas,CRPS,1.944982947020378,1.9132242335741274,1.9778989677676675,1.2720883698718775
2012-01-01,FGOALS-g3,clt,CRPS,16.334870133416228,14.969641911634675,17.700098355197678,15.276501966519634
2012-01-01,FGOALS-g3,pr,CRPS,1.4966858610912146e-05,1.6205918476403055e-05,1.3727798745421161e-05,2.206568250395685e-05
2012-01-01,FGOALS-g3,tas,CRPS,1.5271706352503729,1.964858508115115,1.0844543977131582,0.917664390106968
2012-01-01,FIO-ESM-2-0,clt,CRPS,10.850819399077023,10.325291459238375,11.376347338915688,11.161239148653607
2012-01-01,FIO-ESM-2-0,pr,CRPS,1.3642324618306608e-05,1.4484571623185633e-05,1.2800077613427625e-05,2.0138585312636066e-05
2012-01-01,FIO-ESM-2-0,tas,CRPS,1.3241333062660952,1.5584263174590962,1.0869643929091368,0.8120164764806205
2012-01-01,GFDL-ESM4,pr,CRPS,1.3265575032081985e-05,1.4032898618846203e-05,1.2498256363931626e-05,1.9928747510439018e-05
2012-01-01,GFDL-ESM4,tas,CRPS,1.4207474497926216,1.6838309981097497,1.1551824172770202,0.9531111760542003
2012-01-01,IPSL-CM6A-LR,clt,CRPS,12.948021496466497,14.020060792214158,11.716471553875456,15.104823884925553
2012-01-01,IPSL-CM6A-LR,od550aer,CRPS,0.09087730861525811,0.11345288061455322,0.06847575123413513,0.11159965315010804
2012-01-01,IPSL-CM6A-LR,pr,CRPS,1.4350325147218445e-05,1.469157276945262e-05,1.3736420165562016e-05,2.0890927546154333e-05
2012-01-01,IPSL-CM6A-LR,tas,CRPS,1.5265945705838246,1.8640703845494322,1.1993316222228174,0.9577701443633752
2012-01-01,KACE-1-0-G,clt,CRPS,11.787256632787843,12.024786292722785,11.5497269728529,11.82111231896227
2012-01-01,KACE-1-0-G,od550aer,CRPS,0.07697682163430122,0.10392891105942775,0.0528880596942343,0.07658427919484259
2012-01-01,KACE-1-0-G,pr,CRPS,1.4116533231912716e-05,1.4365338152176528e-05,1.3867728311648908e-05,2.0716608969701346e-05
2012-01-01,KACE-1-0-G,tas,CRPS,1.5320113726964237,1.6968190692669192,1.3654401503080458,1.0132276140204448
2012-01-01,MIROC6,clt,CRPS,11.583070161582222,11.627167973846204,11.53897158999264,11.115805860806525
2012-01-01,MIROC6,pr,CRPS,1.3987595541619198e-05,1.4169547320302279e-05,1.3805642854451504e-05,1.987856531097815e-05
2012-01-01,MIROC6,tas,CRPS,2.0554956442701378,2.1128083788785563,1.997296601902909,1.2334556731744495
2012-01-01,MPI-ESM1-2-LR,clt,CRPS,11.652634380940148,11.217134304091653,12.088122020858007,12.599858106650581
2012-01-01,MPI-ESM1-2-LR,od550aer,CRPS,0.07589577602131535,0.09515040090845854,0.05805549265809224,0.09002058061748403
2012-01-01,MPI-ESM1-2-LR,pr,CRPS,1.4670618695947225e-05,1.5220279129137752e-05,1.4120943038083206e-05,2.215595595968154e-05
2012-01-01,MPI-ESM1-2-LR,tas,CRPS,1.5593410397416878,1.6511611233753138,1.467323400284994,1.0793239721624932
2012-01-01,MRI-ESM2-0,pr,CRPS,1.4740386085239096e-05,1.519776294753794e-05,1.4283020979594044e-05,2.2885687119648755e-05
2012-01-01,MRI-ESM2-0,tas,CRPS,1.4825568130761975,1.7147531493279347,1.2485419423451576,1.051259340459837
2012-01-01,NorESM2-LM,clt,CRPS,12.406812348578732,11.977512754887684,12.836100515010274,12.064430756793081
2012-01-01,NorESM2-LM,pr,CRPS,1.3211651383099057e-05,1.352766667647029e-05,1.2895623921173602e-05,1.969839364761943e-05
2012-01-01,NorESM2-LM,tas,CRPS,1.3929950568490315,1.5669585710207394,1.2181560494534136,0.8560555515600371
2013-01-01,ACCESS-CM2,clt,CRPS,12.009515895346162,12.063786877111754,11.955244920720467,11.954024167705448
2013-01-01,ACCESS-CM2,pr,CRPS,1.4958620229190465e-05,1.5275164475711136e-05,1.4642076024314395e-05,2.3124165601082998e-05
2013-01-01,ACCESS-CM2,tas,CRPS,1.4737621009405892,1.6415834675839427,1.3037961394375641,0.9872497500538869
2013-01-01,CESM2-WACCM,clt,CRPS,10.777069451734105,11.098508245548118,10.455632509858702,10.91369200645631
2013-01-01,CESM2-WACCM,od550aer,CRPS,0.06394784852954487,0.08146714672891445,0.04788406225090507,0.07405836858717493
2013-01-01,CESM2-WACCM,pr,CRPS,1.2932656279835696e-05,1.3373987384472717e-05,1.2491327350007742e-05,1.868278245303126e-05
2013-01-01,CESM2-WACCM,tas,CRPS,1.3945169510462152,1.601136441140781,1.185606570774499,0.9570076193019578
2013-01-01,CanESM5,clt,CRPS,11.101285465485432,11.246813647322616,10.955755804014608,12.506052362515533
2013-01-01,CanESM5,od550aer,CRPS,0.06897040491261897,0.08695533898789715,0.05192209932404307,0.07913041490047953
2013-01-01,CanESM5,pr,CRPS,1.4255602261811796e-05,1.4721498953346015e-05,1.3789703633513466e-05,2.2303697386369793e-05
2013-01-01,CanESM5,tas,CRPS,1.605705948800009,1.9324342406175943,1.2754331371000143,1.450191129304276
2013-01-01,EC-Earth3-Veg,pr,CRPS,1.3658136611703507e-05,1.4121764405856942e-05,1.3194513706523306e-05,2.071261521216047e-05
2013-01-01,EC-Earth3-Veg,tas,CRPS,1.763259382077152,1.6882101471989062,1.8404868532738146,1.1060586322892771
2013-01-01,EC-Earth3-Veg-LR,clt,CRPS,11.433230704483618,10.529196181993633,12.337269739763512,11.99876304739866
2013-01-01,EC-Earth3-Veg-LR,pr,CRPS,1.3800298463419686e-05,1.411714492984043e-05,1.3483457444089902e-05,2.0855350431014315e-05
2013-01-01,EC-Earth3-Veg-LR,tas,CRPS,1.9011564998126245,1.867757481196531,1.935602576171453,1.3118799157051073
2013-01-01,FGOALS-g3,clt,CRPS,16.532775907071205,15.05873796095432,18.006813853187992,15.546244498849605
2013-01-01,FGOALS-g3,pr,CRPS,1.566362587875025e-05,1.7024074966506196e-05,1.4303176790994225e-05,2.3508534417961587e-05
2013-01-01,FGOALS-g3,tas,CRPS,1.5103689484402467,1.9094648605834588,1.106426236167291,0.9510074048652335
2013-01-01,FIO-ESM-2-0,clt,CRPS,10.880465039744635,10.308378178622194,11.452551900867098,11.335265108846945
2013-01-01,FIO-ESM-2-0,pr,CRPS,1.3251375712703305e-05,1.3731002430804052e-05,1.2771748994602592e-05,1.8933696060606306e-05
2013-01-01,FIO-ESM-2-0,tas,CRPS,1.3327135049380152,1.5410132597073674,1.1222932696501478,0.792881927066305
2013-01-01,GFDL-ESM4,pr,CRPS,1.3385308797421505e-05,1.3778034274105561e-05,1.2992588007663734e-05,1.9898647718505955e-05
2013-01-01,GFDL-ESM4,tas,CRPS,1.3521244638060714,1.5760639903539133,1.1262994915655946,0.9155933809722155
2013-01-01,IPSL-CM6A-LR,clt,CRPS,12.878492630191488,13.820387432515835,11.80411561823462,14.960515865890246
2013-01-01,IPSL-CM6A-LR,od550aer,CRPS,0.08580732251386003,0.10755078240433562,0.06492763768185847,0.10752002365961368
2013-01-01,IPSL-CM6A-LR,pr,CRPS,1.409895486609832e-05,1.4593535031494754e-05,1.335598781312707e-05,2.0431621940259037e-05
2013-01-01,IPSL-CM6A-LR,tas,CRPS,1.5002250730497995,1.8451121072473242,1.162749210592275,0.9138523941455873
2013-01-01,KACE-1-0-G,clt,CRPS,11.971011446213915,11.969192623560396,11.972830268867435,12.270064168346806
2013-01-01,KACE-1-0-G,od550aer,CRPS,0.07988768076765894,0.10916089083415431,0.053945534907568676,0.07986731488647167
2013-01-01,KACE-1-0-G,pr,CRPS,1.4476561615898518e-05,1.4560003736903612e-05,1.439311949489343e-05,2.1619078092493695e-05
2013-01-01,KACE-1-0-G,tas,CRPS,1.4940827123222455,1.6446264317019068,1.3420382368240809,1.021672498878571
2013-01-01,MIROC6,clt,CRPS,11.340466021124861,11.347349303550239,11.333581992889608,10.698903956071886
2013-01-01,MIROC6,pr,CRPS,1.3893924360227437e-05,1.3911505697655554e-05,1.3876342109662318e-05,1.966872296021666e-05
2013-01-01,MIROC6,tas,CRPS,2.000090136686015,2.0888605110948846,1.9096671858987682,1.1876965776832986
2013-01-01,MPI-ESM1-2-LR,clt,CRPS,11.523435189366504,11.195933758950929,11.850924361468605,12.416644021999135
2013-01-01,MPI-ESM1-2-LR,od550aer,CRPS,0.07053534856027172,0.08643048321098597,0.0559202187188586,0.08527162154835753
2013-01-01,MPI-ESM1-2-LR,pr,CRPS,1.3814642385104337e-05,1.4396462704871214e-05,1.3232807754319622e-05,2.0393811628656e-05
2013-01-01,MPI-ESM1-2-LR,tas,CRPS,1.5132520870010187,1.6271907150687797,1.3985033907259223,0.9961803277462971
2013-01-01,MRI-ESM2-0,pr,CRPS,1.4870452449714206e-05,1.5306484154535065e-05,1.44344325986069e-05,2.3265404091193095e-05
2013-01-01,MRI-ESM2-0,tas,CRPS,1.4332468202594184,1.6382208349777436,1.2265417786704615,0.9832181759670052
2013-01-01,NorESM2-LM,clt,CRPS,12.208989885996976,11.933369991708789,12.484598535229482,11.817354479493659
2013-01-01,NorESM2-LM,pr,CRPS,1.2676195684924757e-05,1.3044518642123015e-05,1.2307861052352231e-05,1.842994540615546e-05
2013-01-01,NorESM2-LM,tas,CRPS,1.4012139304332745,1.5991493427208985,1.202382948933483,0.8647658257763297
2014-01-01,ACCESS-CM2,clt,CRPS,11.888489306667571,11.789335323088695,11.98764327720174,11.919770020774301
2014-01-01,ACCESS-CM2,pr,CRPS,1.4859281920559207e-05,1.506674148923653e-05,1.4651822379175296e-05,2.2763419457817193e-05
2014-01-01,ACCESS-CM2,tas,CRPS,1.489288821149865,1.6090784112876448,1.368466124294036,0.9558368916029468
2014-01-01,CESM2-WACCM,clt,CRPS,10.980939904098278,11.518327511498049,10.443554004197226,11.352630377116844
2014-01-01,CESM2-WACCM,od550aer,CRPS,0.067417238291844,0.0861686703602441,0.05003258383130637,0.08008521682945098
2014-01-01,CESM2-WACCM,pr,CRPS,1.3371711349027171e-05,1.4390145828409525e-05,1.2353278637578134e-05,1.9252052434026655e-05
2014-01-01,CESM2-WACCM,tas,CRPS,1.4099042600741527,1.5941071113916125,1.224306601247229,0.8762191426652514
2014-01-01,CanESM5,clt,CRPS,10.926215778630292,11.101036577189753,10.751393519615661,12.063920120239954
2014-01-01,CanESM5,od550aer,CRPS,0.06539001058450607,0.07805313838008594,0.053366247338432,0.07711431015245122
2014-01-01,CanESM5,pr,CRPS,1.402055105625816e-05,1.441546176231065e-05,1.3625638453703887e-05,2.22754534438646e-05
2014-01-01,CanESM5,tas,CRPS,1.5902181015232977,1.8904110714298026,1.2873396474407945,1.346691303755076
2014-01-01,EC-Earth3-Veg,pr,CRPS,1.3427417992501282e-05,1.3442139367364128e-05,1.3412701046817995e-05,1.996508397032491e-05
2014-01-01,EC-Earth3-Veg,tas,CRPS,1.7732593405654635,1.6290125076857611,1.9209721193164462,1.0480091729547176
2014-01-01,EC-Earth3-Veg-LR,clt,CRPS,11.529625877136668,10.366696473193098,12.692559831918116,12.180507944668546
2014-01-01,EC-Earth3-Veg-LR,pr,CRPS,1.379867953694618e-05,1.4245699090291817e-05,1.3351665430052506e-05,2.0864975344425083e-05
2014-01-01,EC-Earth3-Veg-LR,tas,CRPS,1.9277286880511524,1.866792387265738,1.9900319303273133,1.3889113846134897
2014-01-01,FGOALS-g3,clt,CRPS,16.452142256527242,14.971428829259603,17.93285568379478,15.534321365274117
2014-01-01,FGOALS-g3,pr,CRPS,1.5297729923333987e-05,1.6289304549025646e-05,1.4306155297642249e-05,2.308928132978523e-05
2014-01-01,FGOALS-g3,tas,CRPS,1.5169041162582386,1.9032511804483967,1.1256344627497052,0.9279419587807535
2014-01-01,FIO-ESM-2-0,clt,CRPS,10.932822999722427,10.175883769726843,11.689762229718033,11.634060768750182
2014-01-01,FIO-ESM-2-0,pr,CRPS,1.3681715919955194e-05,1.3986416578175468e-05,1.3377015261734953e-05,1.985843701197164e-05
2014-01-01,FIO-ESM-2-0,tas,CRPS,1.3239357351630097,1.5104590814916865,1.1357008736948393,0.7634917831725697
2014-01-01,GFDL-ESM4,pr,CRPS,1.2917846477998826e-05,1.343772489071973e-05,1.2397972690456834e-05,1.905567093305959e-05
2014-01-01,GFDL-ESM4,tas,CRPS,1.3601440907915592,1.5841617379562647,1.1343416916537012,0.883033155178108
2014-01-01,IPSL-CM6A-LR,clt,CRPS,12.838886838511094,13.710679923944026,11.792277530995678,14.926117921211235
2014-01-01,IPSL-CM6A-LR,od550aer,CRPS,0.0876267478174268,0.1070744424085785,0.06807388992368764,0.11131145598400312
2014-01-01,IPSL-CM6A-LR,pr,CRPS,1.4431522830277173e-05,1.4540222973762214e-05,1.4003821942916462e-05,2.109245989316331e-05
2014-01-01,IPSL-CM6A-LR,tas,CRPS,1.5301713564349033,1.8650954715627692,1.1965370634831392,0.9943557578318063
2014-01-01,KACE-1-0-G,clt,CRPS,11.754694209309777,11.432438579202994,12.076949839416566,11.962031738831064
2014-01-01,KACE-1-0-G,od550aer,CRPS,0.07824634347013122,0.10719866120757704,0.05244264856068193,0.07787279180399205
2014-01-01,KACE-1-0-G,pr,CRPS,1.4363708134150687e-05,1.4522998158883797e-05,1.4204418109417582e-05,2.121322532532707e-05
2014-01-01,KACE-1-0-G,tas,CRPS,1.5092659403107325,1.5841599440028649,1.4337516140961022,1.0315186241573613
2014-01-01,MIROC6,clt,CRPS,11.25852880015002,11.059693452032946,11.457363394311741,9.906843020536316
2014-01-01,MIROC6,pr,CRPS,1.4269906836494609e-05,1.4336140310992186e-05,1.420367242731996e-05,2.0323267286361174e-05
2014-01-01,MIROC6,tas,CRPS,2.030684743229248,2.0649350109661344,1.9958654820154447,1.1749616448719484
2014-01-01,MPI-ESM1-2-LR,clt,CRPS,11.52254530219249,10.903054322624657,12.142023909132881,12.319413799852185
2014-01-01,MPI-ESM1-2-LR,od550aer,CRPS,0.0705710464966269,0.08477833574715159,0.057331104406444254,0.0860612460420604
2014-01-01,MPI-ESM1-2-LR,pr,CRPS,1.438886238693468e-05,1.5019759805398367e-05,1.3757950072426314e-05,2.1249874200454985e-05
2014-01-01,MPI-ESM1-2-LR,tas,CRPS,1.5591287171031343,1.6395366900227792,1.4783342114045614,0.993824786644013
2014-01-01,MRI-ESM2-0,pr,CRPS,1.4665113443267918e-05,1.5496261403119676e-05,1.3833977279002165e-05,2.2837061823194562e-05
2014-01-01,MRI-ESM2-0,tas,CRPS,1.3904949134344677,1.550051070104498,1.2299066802951535,0.9270496441046508
2014-01-01,NorESM2-LM,clt,CRPS,12.229796414659935,11.883232471825321,12.576349093275068,11.992380948258363
2014-01-01,NorESM2-LM,pr,CRPS,1.3128602825732434e-05,1.347810602544259e-05,1.277908753395969e-05,1.972623448898747e-05
2014-01-01,NorESM2-LM,tas,CRPS,1.3806246270140348,1.500360600693435,1.2605125332274432,0.8770991932770874
2015-01-01,ACCESS-CM2,clt,CRPS,11.791926392401628,11.781507598103913,11.802345185328647,11.973303533846567
2015-01-01,ACCESS-CM2,pr,CRPS,1.4875472086095382e-05,1.5118343873719574e-05,1.4632600330423432e-05,2.2843321581018075e-05
2015-01-01,ACCESS-CM2,tas,CRPS,1.4331832246058003,1.566938048706123,1.2981511152243919,0.876246457795918
2015-01-01,CESM2-WACCM,clt,CRPS,11.109240421199475,11.559723636708776,10.658759012826735,11.960332635511108
2015-01-01,CESM2-WACCM,od550aer,CRPS,0.0684760891448553,0.08609108568889355,0.05197828285094214,0.08304350020095265
2015-01-01,CESM2-WACCM,pr,CRPS,1.3690901989915422e-05,1.4281973901192946e-05,1.3099832275030597e-05,1.9740069325343244e-05
2015-01-01,CESM2-WACCM,tas,CRPS,1.3833385695913296,1.5056072695358738,1.2602157885137304,0.8646924146509839
2015-01-01,CanESM5,clt,CRPS,11.206495377359573,11.751157967176027,10.661831241557815,12.683859663824654
2015-01-01,CanESM5,od550aer,CRPS,0.07721373647232699,0.09099093574018653,0.0640155456317836,0.09160155139556753
2015-01-01,CanESM5,pr,CRPS,1.533718703407063e-05,1.6383619020307956e-05,1.4290752892400253e-05,2.4693591815424428e-05
2015-01-01,CanESM5,tas,CRPS,1.5409732830723846,1.791103015097212,1.2888193450960128,1.2707108800114837
2015-01-01,EC-Earth3-Veg,pr,CRPS,1.3957968832655142e-05,1.4373233496689782e-05,1.3542709114855351e-05,2.178425165541711e-05
2015-01-01,EC-Earth3-Veg,tas,CRPS,1.7085546479516533,1.554600070020627,1.8656985490160265,1.018790230688951
2015-01-01,EC-Earth3-Veg-LR,clt,CRPS,11.538449936894283,10.43096558469946,12.645938843409908,12.528258000189496
2015-01-01,EC-Earth3-Veg-LR,pr,CRPS,1.4157955390623336e-05,1.4504657943244568e-05,1.381125842626319e-05,2.174064922137737e-05
2015-01-01,EC-Earth3-Veg-LR,tas,CRPS,1.9719641175206535,1.916672817180044,2.0287265996777837,1.387664952253455
2015-01-01,FGOALS-g3,clt,CRPS,16.168794719760538,14.612387190973012,17.725202248547966,15.04352053351702
2015-01-01,FGOALS-g3,pr,CRPS,1.5485581618319944e-05,1.691087609057134e-05,1.4060287146068468e-05,2.3086793383632275e-05
2015-01-01,FGOALS-g3,tas,CRPS,1.4849476239459392,1.9027716526833587,1.062538441873347,0.8815659743932817
2015-01-01,FIO-ESM-2-0,clt,CRPS,10.943997589212325,10.3071721994398,11.580822978984871,12.1431366509522
2015-01-01,FIO-ESM-2-0,pr,CRPS,1.3855530278824364e-05,1.4527669612816799e-05,1.3183390944831965e-05,2.0441204047033792e-05
2015-01-01,FIO-ESM-2-0,tas,CRPS,1.30375945809673,1.4601273735400113,1.145818225670344,0.8120494257293771
2015-01-01,GFDL-ESM4,pr,CRPS,1.4396339101378849e-05,1.5212694028831703e-05,1.3579989499954933e-05,2.2246130068357062e-05
2015-01-01,GFDL-ESM4,tas,CRPS,1.4234200347473622,1.615829335892186,1.230134926283736,1.0003321008466568
2015-01-01,IPSL-CM6A-LR,clt,CRPS,12.879360138550426,13.63769942132528,11.925263559070089,15.227023734362168
2015-01-01,IPSL-CM6A-LR,od550aer,CRPS,0.09475716258949025,0.10973654599846396,0.07832682560818797,0.12306377566833317
2015-01-01,IPSL-CM6A-LR,pr,CRPS,1.4939052693175353e-05,1.5211340690219887e-05,1.4224757076784523e-05,2.236200606769671e-05
2015-01-01,IPSL-CM6A-LR,tas,CRPS,1.5643928185748266,1.907465869964519,1.2228214211962907,1.046705575039995
2015-01-01,KACE-1-0-G,clt,CRPS,11.62422215541208,11.758455795222154,11.489988515602006,11.971888949766965
2015-01-01,KACE-1-0-G,od550aer,CRPS,0.06838817392245254,0.08895908200830331,0.050141204108971354,0.07748858693405693
2015-01-01,KACE-1-0-G,pr,CRPS,1.5242702592790751e-05,1.599597541872193e-05,1.4489429766859568e-05,2.336146979414089e-05
2015-01-01,KACE-1-0-G,tas,CRPS,1.5305596399284758,1.6287781800113368,1.4315276978361293,0.9947179176230017
2015-01-01,MIROC6,clt,CRPS,11.74024542662631,11.57185429060096,11.908635779000184,10.900001844040721
2015-01-01,MIROC6,pr,CRPS,1.5699221776950252e-05,1.5863595992924396e-05,1.5534846538700708e-05,2.3741598629064652e-05
2015-01-01,MIROC6,tas,CRPS,2.051603978731121,1.9928419648217037,2.1109725376860893,1.2975935514055585
2015-01-01,MPI-ESM1-2-LR,clt,CRPS,11.715907567094364,11.052419645392677,12.379382895278304,12.852552448991327
2015-01-01,MPI-ESM1-2-LR,od550aer,CRPS,0.07733057537607649,0.09072979459368614,0.06472896715524037,0.0964228177437007
2015-01-01,MPI-ESM1-2-LR,pr,CRPS,1.520120458619782e-05,1.6156666592175676e-05,1.4245726957248913e-05,2.332451612646402e-05
2015-01-01,MPI-ESM1-2-LR,tas,CRPS,1.564621973095771,1.6280437073495913,1.5013544722111438,1.0549789146068966
2015-01-01,MRI-ESM2-0,pr,CRPS,1.5690816759715745e-05,1.6770171352246378e-05,1.4611474837790764e-05,2.526536588097903e-05
2015-01-01,MRI-ESM2-0,tas,CRPS,1.3815205319779462,1.5474467949523703,1.214324269704471,0.911692280595893
2015-01-01,NorESM2-LM,clt,CRPS,12.469752519122089,12.270334800345248,12.66915875266856,12.711092150727936
2015-01-01,NorESM2-LM,pr,CRPS,1.3988094291377604e-05,1.4733752596936684e-05,1.3242423102123739e-05,2.1795338696911623e-05
2015-01-01,NorESM2-LM,tas,CRPS,1.3397497546867345,1.4163863171121267,1.263111969727807,0.8642626597204832
2016-01-01,ACCESS-CM2,clt,CRPS,11.855107596205512,11.849442343838547,11.860772847827157,11.6423932071369
2016-01-01,ACCESS-CM2,pr,CRPS,1.476484334717018e-05,1.4785956054162873e-05,1.4743730642955078e-05,2.2194195587816947e-05
2016-01-01,ACCESS-CM2,tas,CRPS,1.4792097642173587,1.6940914393360307,1.2618170963011084,0.8927588521252395
2016-01-01,CESM2-WACCM,clt,CRPS,11.375134365682465,11.796451867938705,10.953818747977865,12.22892025043187
2016-01-01,CESM2-WACCM,od550aer,CRPS,0.06229757596244928,0.0766623298270248,0.04922872094778396,0.07543749401587548
2016-01-01,CESM2-WACCM,pr,CRPS,1.3391553719186194e-05,1.385392561308791e-05,1.2929184072662165e-05,1.9451761071360773e-05
2016-01-01,CESM2-WACCM,tas,CRPS,1.4106949162574114,1.565414244465859,1.2540136856879784,0.9584034151784883
2016-01-01,CanESM5,clt,CRPS,11.396486657224157,11.559605564764626,11.233366228899067,13.087936464663224
2016-01-01,CanESM5,od550aer,CRPS,0.06666047130112523,0.08001563695514853,0.0540520026677019,0.07712389418639798
2016-01-01,CanESM5,pr,CRPS,1.4639642236895404e-05,1.5177572773342348e-05,1.4101709703683162e-05,2.315897784654242e-05
2016-01-01,CanESM5,tas,CRPS,1.5841555307923072,1.8805509376076548,1.2855104010656877,1.2930922448815043
2016-01-01,EC-Earth3-Veg,pr,CRPS,1.3971766004079168e-05,1.40017259622809e-05,1.3941810667137744e-05,2.1256050644599487e-05
2016-01-01,EC-Earth3-Veg,tas,CRPS,1.8370255195253558,1.747879891698363,1.9281823700133878,1.1726552603519032
2016-01-01,EC-Earth3-Veg-LR,clt,CRPS,11.452563720839612,10.180474626825523,12.72465733527451,11.877621623578072
2016-01-01,EC-Earth3-Veg-LR,pr,CRPS,1.3647758430202743e-05,1.3406692893135929e-05,1.3888829354151725e-05,2.0416051658856452e-05
2016-01-01,EC-Earth3-Veg-LR,tas,CRPS,2.0478073117382225,2.028151682333375,2.0680146726549364,1.4362741726181651
2016-01-01,FGOALS-g3,clt,CRPS,16.222312385069113,14.696497444103498,17.748127326034627,14.951796612586222
2016-01-01,FGOALS-g3,pr,CRPS,1.571075825728909e-05,1.664174530261003e-05,1.4779771211968063e-05,2.3464245920561493e-05
2016-01-01,FGOALS-g3,tas,CRPS,1.5305757208436084,1.9264772853356325,1.1303058469891492,0.927259053877492
2016-01-01,FIO-ESM-2-0,clt,CRPS,11.053335042444417,10.313297181306995,11.793372903581854,11.961851612961746
2016-01-01,FIO-ESM-2-0,pr,CRPS,1.3965740579314744e-05,1.3993581778462571e-05,1.393789938016695e-05,2.0597095391600888e-05
2016-01-01,FIO-ESM-2-0,tas,CRPS,1.3310255404527584,1.4697192811555364,1.1909623005322139,0.8307176126657544
2016-01-01,GFDL-ESM4,pr,CRPS,1.3996834326469536e-05,1.440188514863144e-05,1.3591788401297827e-05,2.1268354387792417e-05
2016-01-01,GFDL-ESM4,tas,CRPS,1.5174933311562055,1.7523277416749472,1.2809429489589566,1.1079654877124212
2016-01-01,IPSL-CM6A-LR,clt,CRPS,12.96400477624537,13.600660222295888,12.178507917899708,15.310994840994061
2016-01-01,IPSL-CM6A-LR,od550aer,CRPS,0.08715350618581784,0.10470757255631186,0.0690399683048367,0.1105403001510127
2016-01-01,IPSL-CM6A-LR,pr,CRPS,1.4490625352970243e-05,1.4561566560188635e-05,1.4124613379753182e-05,2.1211711728724416e-05
2016-01-01,IPSL-CM6A-LR,tas,CRPS,1.5711868716036903,1.9451028732343998,1.204007765106155,1.04102673041466
2016-01-01,KACE-1-0-G,clt,CRPS,11.798582182154322,11.753375793021377,11.84378857128727,11.9639611084906
2016-01-01,KACE-1-0-G,od550aer,CRPS,0.07070576130966426,0.09124379708155206,0.052779080881198294,0.07849947108880936
2016-01-01,KACE-1-0-G,pr,CRPS,1.474252690740545e-05,1.4836006055165182e-05,1.4649047759645722e-05,2.1951500892357116e-05
2016-01-01,KACE-1-0-G,tas,CRPS,1.517168732261432,1.6535059408615351,1.3794041280742972,0.919444823216241
2016-01-01,MIROC6,clt,CRPS,11.793206627278588,11.669188531095537,11.91722393924502,10.917914897317168
2016-01-01,MIROC6,pr,CRPS,1.481057815758462e-05,1.4874547805774069e-05,1.4746607538990083e-05,2.139111747470799e-05
2016-01-01,MIROC6,tas,CRPS,1.97855582719908,1.9490263714250375,2.007482052101924,1.1971586082412107
2016-01-01,MPI-ESM1-2-LR,clt,CRPS,11.742390566431085,11.173445894504125,12.311322654282469,12.605722419228991
2016-01-01,MPI-ESM1-2-LR,od550aer,CRPS,0.06856128055505097,0.0829623053075826,0.05534166785328944,0.0827716867948763
2016-01-01,MPI-ESM1-2-LR,pr,CRPS,1.4447525376168154e-05,1.4779640427947565e-05,1.4115395248666258e-05,2.1523541694134376e-05
2016-01-01,MPI-ESM1-2-LR,tas,CRPS,1.5635900910559375,1.6872675721511854,1.4386201187210457,1.0545219312675853
2016-01-01,MRI-ESM2-0,pr,CRPS,1.4968535660769042e-05,1.528127642718774e-05,1.465580679304975e-05,2.324388818170866e-05
2016-01-01,MRI-ESM2-0,tas,CRPS,1.4209616574024115,1.5580706313659707,1.2831312678631615,0.9724024845870956
2016-01-01,NorESM2-LM,clt,CRPS,12.448040171896485,12.003677891016826,12.892390987543864,12.438872589207287
2016-01-01,NorESM2-LM,pr,CRPS,1.3157382212191094e-05,1.3530073872724736e-05,1.2784678433087693e-05,1.9809072096324715e-05
2016-01-01,NorESM2-LM,tas,CRPS,1.3696248300499247,1.4933055744274106,1.245116300398615,0.8252970089625745
2017-01-01,ACCESS-CM2,clt,CRPS,11.64750929308264,11.56359143686179,11.731427138263243,11.864907838148428
2017-01-01,ACCESS-CM2,pr,CRPS,1.4537739497914186e-05,1.4492474576713556e-05,1.458300441315976e-05,2.210546301879313e-05
2017-01-01,ACCESS-CM2,tas,CRPS,1.457670591226975,1.6199949246773697,1.2939001621616473,0.9482793850887715
2017-01-01,CESM2-WACCM,clt,CRPS,11.000027786172923,11.553990784773399,10.446066484663314,12.021670839991543
2017-01-01,CESM2-WACCM,od550aer,CRPS,0.06038978601387357,0.07302869385329676,0.04876931963315007,0.07130251522254152
2017-01-01,CESM2-WACCM,pr,CRPS,1.2801138483252196e-05,1.3394789764191774e-05,1.2207489220907236e-05,1.8657054210719024e-05
2017-01-01,CESM2-WACCM,tas,CRPS,1.3365324067325446,1.517310139310104,1.153748625915435,0.8946835079896163
2017-01-01,CanESM5,clt,CRPS,10.792700596590409,10.914953489907612,10.670446267299171,12.343649463074094
2017-01-01,CanESM5,od550aer,CRPS,0.06626918566943432,0.08146222191501626,0.05198271392513703,0.0727600318558273
2017-01-01,CanESM5,pr,CRPS,1.349105111753107e-05,1.4021137950267476e-05,1.2960962440170222e-05,2.0922470846388853e-05
2017-01-01,CanESM5,tas,CRPS,1.5763077098086653,1.8558902981306,1.293773580911462,1.401758998689744
2017-01-01,EC-Earth3-Veg,pr,CRPS,1.2883281168995454e-05,1.2978170370608121e-05,1.278839628614266e-05,1.9000322876239353e-05
2017-01-01,EC-Earth3-Veg,tas,CRPS,1.7394579280111004,1.6206764833852354,1.8604264939278916,1.0591491686247674
2017-01-01,EC-Earth3-Veg-LR,clt,CRPS,10.779306654481033,9.801267895128548,11.75734966851424,10.945706123549614
2017-01-01,EC-Earth3-Veg-LR,pr,CRPS,1.2909717643361203e-05,1.2976023029981338e-05,1.284341735231248e-05,1.8974047995663577e-05
2017-01-01,EC-Earth3-Veg-LR,tas,CRPS,1.9591373363098816,1.9813011092491186,1.93784119345312,1.3540444346672966
2017-01-01,FGOALS-g3,clt,CRPS,16.405118423534557,15.070548511685459,17.73968833538355,15.40011814549563
2017-01-01,FGOALS-g3,pr,CRPS,1.557859122909591e-05,1.656787864342709e-05,1.4589303814764652e-05,2.3249770514665303e-05
2017-01-01,FGOALS-g3,tas,CRPS,1.531925915056183,1.9230027956055642,1.1371357901671224,0.9500741404631615
2017-01-01,FIO-ESM-2-0,clt,CRPS,10.495894545983893,9.806115780014418,11.185673311953387,11.229923502172257
2017-01-01,FIO-ESM-2-0,pr,CRPS,1.2757798852792009e-05,1.3023552637550666e-05,1.2492045068033385e-05,1.8357101625843073e-05
2017-01-01,FIO-ESM-2-0,tas,CRPS,1.2720915998860494,1.449436027095458,1.0930644632164566,0.7338980900441333
2017-01-01,GFDL-ESM4,pr,CRPS,1.3386210912601073e-05,1.3836669000747167e-05,1.2935757553455095e-05,2.0259122988338037e-05
2017-01-01,GFDL-ESM4,tas,CRPS,1.3898651082242128,1.588706093173588,1.1896971169545207,0.9765271933923665
2017-01-01,IPSL-CM6A-LR,clt,CRPS,12.080225898505065,12.958365617881233,11.105548134163406,13.87163648608731
2017-01-01,IPSL-CM6A-LR,od550aer,CRPS,0.08313806208697586,0.10010048048098948,0.06643906374979001,0.10296463072950561
2017-01-01,IPSL-CM6A-LR,pr,CRPS,1.3715793456035103e-05,1.4108811421162343e-05,1.3132067243987661e-05,1.966378596027515e-05
2017-01-01,IPSL-CM6A-LR,tas,CRPS,1.494939319669472,1.8707839294303017,1.1296605436889802,0.9080523284913968
2017-01-01,KACE-1-0-G,clt,CRPS,11.395889692657072,11.359436641182404,11.432342744131743,11.87488709390084
2017-01-01,KACE-1-0-G,od550aer,CRPS,0.0702503544289398,0.0879825891342516,0.05480401960858642,0.07884051722388213
2017-01-01,KACE-1-0-G,pr,CRPS,1.4194397659811276e-05,1.4251048067876896e-05,1.4137747251745658e-05,2.102370194624617e-05
2017-01-01,KACE-1-0-G,tas,CRPS,1.5225393416684032,1.6643057797224514,1.3789738234630582,0.9975351684102329
2017-01-01,MIROC6,clt,CRPS,11.547530979976612,11.697684400963041,11.39737680898226,11.100541184543708
2017-01-01,MIROC6,pr,CRPS,1.383043818502849e-05,1.4376765837129394e-05,1.3284109658762624e-05,1.9826603510912712e-05
2017-01-01,MIROC6,tas,CRPS,1.9472814124964148,1.968622351076206,1.9252088317392984,1.1666804846519967
2017-01-01,MPI-ESM1-2-LR,clt,CRPS,11.15320063804072,10.577408408899771,11.728980900557945,12.068176920362754
2017-01-01,MPI-ESM1-2-LR,od550aer,CRPS,0.06603856677625784,0.07900470032644888,0.054256798130009894,0.07795895764506659
2017-01-01,MPI-ESM1-2-LR,pr,CRPS,1.3686800429770151e-05,1.4218916322570176e-05,1.3154670340894211e-05,1.991008427261472e-05
2017-01-01,MPI-ESM1-2-LR,tas,CRPS,1.5224616292286275,1.6024564206462262,1.4424530464844347,1.0002118280797194
2017-01-01,MRI-ESM2-0,pr,CRPS,1.4464858583806959e-05,1.4535010240974143e-05,1.4394718363893723e-05,2.2233745680979155e-05
2017-01-01,MRI-ESM2-0,tas,CRPS,1.3735618802212042,1.5618128439115742,1.1835985253235617,0.9141827164569238
2017-01-01,NorESM2-LM,clt,CRPS,11.984816859206731,11.511305771948711,12.458316907883004,11.888521011180087
2017-01-01,NorESM2-LM,pr,CRPS,1.2417091680496738e-05,1.263177054468661e-05,1.2202401379579612e-05,1.8354238130754933e-05
2017-01-01,NorESM2-LM,tas,CRPS,1.270704321509674,1.3451579930156463,1.196114550500195,0.7838190494744938
2018-01-01,ACCESS-CM2,clt,CRPS,11.77347061511186,11.75680809795366,11.790133130077932,11.966759242983635
2018-01-01,ACCESS-CM2,pr,CRPS,1.4495293575855453e-05,1.4576785955627274e-05,1.441380120680478e-05,2.1808994365171087e-05
2018-01-01,ACCESS-CM2,tas,CRPS,1.4919669517549732,1.6957251142913414,1.2859567970213568,0.9923493838389618
2018-01-01,CESM2-WACCM,clt,CRPS,11.078295575013291,11.502227787382509,10.6543651863794,12.038864070256416
2018-01-01,CESM2-WACCM,od550aer,CRPS,0.06348482816985311,0.08000403920876271,0.048283731021126534,0.07513787315904008
2018-01-01,CESM2-WACCM,pr,CRPS,1.2778041908351884e-05,1.3294391149754803e-05,1.2261694747091997e-05,1.8665225347330783e-05
2018-01-01,CESM2-WACCM,tas,CRPS,1.3507372678025424,1.55963134989965,1.1394485305379247,0.9360615036244058
2018-01-01,CanESM5,clt,CRPS,11.005055745288416,11.317236284684993,10.692873716993383,12.294693609212734
2018-01-01,CanESM5,od550aer,CRPS,0.07020043545463998,0.08810193999236415,0.053059786771538865,0.07856980389403105
2018-01-01,CanESM5,pr,CRPS,1.3956888920535467e-05,1.4398042034515178e-05,1.3515733912345718e-05,2.204356591699563e-05
2018-01-01,CanESM5,tas,CRPS,1.5865894242237235,1.8716228369670311,1.2985954042469798,1.4739719901777697
2018-01-01,EC-Earth3-Veg,pr,CRPS,1.3021771244283286e-05,1.2922058370245448e-05,1.312148831620982e-05,1.9615401005786958e-05
2018-01-01,EC-Earth3-Veg,tas,CRPS,1.7153812382802656,1.6162067173300854,1.8171678536826406,1.0342791580940864
2018-01-01,EC-Earth3-Veg-LR,clt,CRPS,11.185137628218085,10.23066303321472,12.139616638086983,11.853986206993262
2018-01-01,EC-Earth3-Veg-LR,pr,CRPS,1.3277253841048235e-05,1.3155372529204721e-05,1.339914039353271e-05,2.014016655030337e-05
2018-01-01,EC-Earth3-Veg-LR,tas,CRPS,1.8746893828842375,1.8899492116652243,1.8604049586072893,1.2899728203823608
2018-01-01,FGOALS-g3,clt,CRPS,16.388224279151775,15.19119079461322,17.585257763690223,15.615472513030843
2018-01-01,FGOALS-g3,pr,CRPS,1.5388195127324508e-05,1.6370955699473923e-05,1.440543455517501e-05,2.3192346504164003e-05
2018-01-01,FGOALS-g3,tas,CRPS,1.5200606773107275,1.8985622214649147,1.1371533476521674,0.9776361417123999
2018-01-01,FIO-ESM-2-0,clt,CRPS,10.875363027073414,10.229803068969689,11.520922985177156,11.673868590208132
2018-01-01,FIO-ESM-2-0,pr,CRPS,1.3324030178411905e-05,1.3368997030094874e-05,1.327906332672897e-05,1.9364994270331187e-05
2018-01-01,FIO-ESM-2-0,tas,CRPS,1.2929241160334635,1.4844608942438644,1.0999531740766264,0.7699491178221513
2018-01-01,GFDL-ESM4,pr,CRPS,1.330748437617521e-05,1.3333602043579914e-05,1.3281371104809784e-05,2.0022076918993336e-05
2018-01-01,GFDL-ESM4,tas,CRPS,1.4436272404888193,1.6740663817970072,1.211292873447373,0.9823741950564809
2018-01-01,IPSL-CM6A-LR,clt,CRPS,12.78167732509028,14.07484775291748,11.335253973976078,15.23336595156909
2018-01-01,IPSL-CM6A-LR,od550aer,CRPS,0.08839741075676127,0.11024495780308313,0.0671128647478702,0.11043866070969861
2018-01-01,IPSL-CM6A-LR,pr,CRPS,1.436765274715864e-05,1.4400398310289708e-05,1.4086018054067154e-05,2.111833348517738e-05
2018-01-01,IPSL-CM6A-LR,tas,CRPS,1.496976742952197,1.8790938451895072,1.1232894694564888,0.9049884815596984
2018-01-01,KACE-1-0-G,clt,CRPS,11.544715393020587,11.51150435348062,11.577926432560554,11.869976056960367
2018-01-01,KACE-1-0-G,od550aer,CRPS,0.07095635542927942,0.08907015786154339,0.054926809421352106,0.08225960702017483
2018-01-01,KACE-1-0-G,pr,CRPS,1.4203256541614745e-05,1.435338588508724e-05,1.4053127198142253e-05,2.13196361454875e-05
2018-01-01,KACE-1-0-G,tas,CRPS,1.5466750198916854,1.6837907395308802,1.4077760641465507,1.0903434335481792
2018-01-01,MIROC6,clt,CRPS,11.388492749791231,11.588761894769563,11.188222868568419,10.774256111200037
2018-01-01,MIROC6,pr,CRPS,1.4046506403258573e-05,1.4621039988462487e-05,1.3471971931527369e-05,2.0376810064422096e-05
2018-01-01,MIROC6,tas,CRPS,1.988740291030834,2.0585615933438004,1.9177652939534477,1.21105475812799
2018-01-01,MPI-ESM1-2-LR,clt,CRPS,11.707192547112676,11.12978241188504,12.284590131971186,12.640145899357499
2018-01-01,MPI-ESM1-2-LR,od550aer,CRPS,0.0707218362946782,0.08721100879509454,0.05542464252582971,0.08470836009291854
2018-01-01,MPI-ESM1-2-LR,pr,CRPS,1.392352062162368e-05,1.410428669315309e-05,1.3742739966176805e-05,2.0792285203324567e-05
2018-01-01,MPI-ESM1-2-LR,tas,CRPS,1.5298885009783583,1.6329382766981653,1.4265003767536273,0.9851324756736305
2018-01-01,MRI-ESM2-0,pr,CRPS,1.410022140841896e-05,1.4509991151635366e-05,1.3690462903972672e-05,2.1638947845290674e-05
2018-01-01,MRI-ESM2-0,tas,CRPS,1.4732562013325878,1.7168434004150577,1.2274734915581018,0.9631826833760678
2018-01-01,NorESM2-LM,clt,CRPS,12.059443603662812,11.795902730421616,12.322973369587507,11.766390056943537
2018-01-01,NorESM2-LM,pr,CRPS,1.2493187902582727e-05,1.2738121607694237e-05,1.2248242690655753e-05,1.841140041265916e-05
2018-01-01,NorESM2-LM,tas,CRPS,1.339950139936499,1.4860891739693665,1.193126270071737,0.878621106348381
2019-01-01,ACCESS-CM2,clt,CRPS,11.718825144294478,11.486204251836249,11.95144600614907,11.625283947987064
2019-01-01,ACCESS-CM2,pr,CRPS,1.4605119791833056e-05,1.4570514660071253e-05,1.4639724919042202e-05,2.2370319886033248e-05
2019-01-01,ACCESS-CM2,tas,CRPS,1.4711868376445565,1.636385540797504,1.3040494619245109,0.9611641186011829
2019-01-01,CESM2-WACCM,clt,CRPS,10.758418681867889,10.991239077430189,10.525600210347397,11.188417742225099
2019-01-01,CESM2-WACCM,od550aer,CRPS,0.06406980226109356,0.079874124244922,0.04906723778099357,0.071371556382318
2019-01-01,CESM2-WACCM,pr,CRPS,1.2406839504993111e-05,1.2811320972245376e-05,1.2002360140294212e-05,1.7234644779372792e-05
2019-01-01,CESM2-WACCM,tas,CRPS,1.2914071435023866,1.4395057941374019,1.1415630432699326,0.8421742109628414
2019-01-01,CanESM5,clt,CRPS,11.050261748707463,11.256629794908404,10.843892221581468,12.220805325692497
2019-01-01,CanESM5,od550aer,CRPS,0.07671437350579598,0.09609266136791905,0.057933840554398715,0.07570602603627406
2019-01-01,CanESM5,pr,CRPS,1.4388173996542108e-05,1.4856381922789452e-05,1.3919964115785411e-05,2.256340208024058e-05
2019-01-01,CanESM5,tas,CRPS,1.5543852122195327,1.8383444317934954,1.2674755116324303,1.3051482202299265
2019-01-01,EC-Earth3-Veg,pr,CRPS,1.3014635032853174e-05,1.304298767006743e-05,1.2986286700702027e-05,1.930828471239089e-05
2019-01-01,EC-Earth3-Veg,tas,CRPS,1.7494614726342246,1.6161038965330377,1.885969970735405,1.0635809963133498
2019-01-01,EC-Earth3-Veg-LR,clt,CRPS,11.283776600905943,10.075816660872023,12.49174099473901,11.809447773483834
2019-01-01,EC-Earth3-Veg-LR,pr,CRPS,1.3488141887736164e-05,1.3500414137056047e-05,1.347587496229648e-05,2.0183974294715865e-05
2019-01-01,EC-Earth3-Veg-LR,tas,CRPS,1.9526603834470775,1.9469498439187178,1.958993819657216,1.4642232300985876
2019-01-01,FGOALS-g3,clt,CRPS,16.09715476521614,14.583122414982709,17.61118711544947,14.73064089044822
2019-01-01,FGOALS-g3,pr,CRPS,1.5266787196060564e-05,1.63454851190992e-05,1.4188089273021843e-05,2.2725549971437803e-05
2019-01-01,FGOALS-g3,tas,CRPS,1.5145208354252617,1.888462707449443,1.1361740809832894,0.9630836986507313
2019-01-01,FIO-ESM-2-0,clt,CRPS,10.7051423468915,9.921697199765926,11.48858749401709,11.19411937692932
2019-01-01,FIO-ESM-2-0,pr,CRPS,1.318864142403981e-05,1.3462667291620771e-05,1.2914615556458884e-05,1.8864787167701502e-05
2019-01-01,FIO-ESM-2-0,tas,CRPS,1.3140410719609574,1.4985588428640406,1.127782359178761,0.7888706777240699
2019-01-01,GFDL-ESM4,pr,CRPS,1.3310875485993432e-05,1.3460170366175646e-05,1.3161585092100752e-05,1.9979714874540352e-05
2019-01-01,GFDL-ESM4,tas,CRPS,1.3848530133906145,1.5708970992211642,1.1973581181509216,0.9116152622546997
2019-01-01,IPSL-CM6A-LR,clt,CRPS,12.80936611736869,13.677357355220478,11.770990401602752,14.872244883720738
2019-01-01,IPSL-CM6A-LR,od550aer,CRPS,0.09102716795078934,0.10956362039867941,0.07178560163918483,0.10842949581687517
2019-01-01,IPSL-CM6A-LR,pr,CRPS,1.4259917431700503e-05,1.4180092503191638e-05,1.4008057559278077e-05,2.072016735611008e-05
2019-01-01,IPSL-CM6A-LR,tas,CRPS,1.5320450203629974,1.8630821655529939,1.2076461630452187,0.9743282790060888
2019-01-01,KACE-1-0-G,clt,CRPS,11.29910970291838,11.086820098871073,11.511399306965691,11.045088252303563
2019-01-01,KACE-1-0-G,od550aer,CRPS,0.06410920868419233,0.07961384211770063,0.05066321449971451,0.07264535712866584
2019-01-01,KACE-1-0-G,pr,CRPS,1.3927318216003385e-05,1.4153892581969673e-05,1.3700743850037102e-05,2.0169261194437538e-05
2019-01-01,KACE-1-0-G,tas,CRPS,1.5032837526827596,1.611313993923515,1.393746560347082,0.9753632711201089
2019-01-01,MIROC6,clt,CRPS,11.47906703906053,11.347705157243132,11.6104281568501,10.4244398205662
2019-01-01,MIROC6,pr,CRPS,1.4373406158922751e-05,1.4363864251598153e-05,1.4382947119773048e-05,2.0565036670598026e-05
2019-01-01,MIROC6,tas,CRPS,1.9837839940489104,1.9903590348516473,1.9773213391769566,1.1685248677410474
2019-01-01,MPI-ESM1-2-LR,clt,CRPS,11.490477266697964,10.589347518838418,12.39159456451835,12.182544131865882
2019-01-01,MPI-ESM1-2-LR,od550aer,CRPS,0.0714695292453496,0.0856213065031672,0.05790575901624132,0.08039872343722039
2019-01-01,MPI-ESM1-2-LR,pr,CRPS,1.416436102700506e-05,1.4410587551411821e-05,1.3918119691020898e-05,2.0946962194970837e-05
2019-01-01,MPI-ESM1-2-LR,tas,CRPS,1.5094421788137042,1.615818568476482,1.4021193316028533,0.9910396277217322
2019-01-01,MRI-ESM2-0,pr,CRPS,1.4002317754447897e-05,1.4572954842071286e-05,1.3431691870638323e-05,2.140173953488856e-05
2019-01-01,MRI-ESM2-0,tas,CRPS,1.3832215184938021,1.574825640565188,1.1901129967179438,0.920757980438375
2019-01-01,NorESM2-LM,clt,CRPS,12.152863353365705,11.69625493068026,12.609460582690652,12.064399168652264
2019-01-01,NorESM2-LM,pr,CRPS,1.310082442558757e-05,1.3305619282805972e-05,1.2896017501891797e-05,1.968628202209456e-05
2019-01-01,NorESM2-LM,tas,CRPS,1.374190114554941,1.4792484454827222,1.2688400774334923,0.9318841722152955
2020-01-01,ACCESS-CM2,clt,CRPS,12.123940170668691,12.03106814295163,12.216812186167495,12.51075412544187
2020-01-01,ACCESS-CM2,pr,CRPS,1.5061542615146861e-05,1.4990570573004122e-05,1.5132514647952506e-05,2.330287415094105e-05
2020-01-01,ACCESS-CM2,tas,CRPS,1.45748145169279,1.630842782170837,1.2817623608688193,0.9702661177472609
2020-01-01,CESM2-WACCM,clt,CRPS,10.763642375493548,11.073533914416073,10.453752695734712,11.231765476821321
2020-01-01,CESM2-WACCM,od550aer,CRPS,0.06460769374624147,0.07824238864155263,0.05126707292106786,0.07139561613009861
2020-01-01,CESM2-WACCM,pr,CRPS,1.2135152180274484e-05,1.2340908521945225e-05,1.192939805748434e-05,1.6650333158951722e-05
2020-01-01,CESM2-WACCM,tas,CRPS,1.2821377373379377,1.4356570099889288,1.1263355911360753,0.8210039043533897
2020-01-01,CanESM5,clt,CRPS,10.915913713848711,11.12262130831703,10.709204656085534,12.304238377349892
2020-01-01,CanESM5,od550aer,CRPS,0.07374882703014249,0.08374313087119815,0.06333325166582404,0.0750786898116209
2020-01-01,CanESM5,pr,CRPS,1.3753538402175599e-05,1.4039545058489404e-05,1.346752989881571e-05,2.1182085951480618e-05
2020-01-01,CanESM5,tas,CRPS,1.5030496943993503,1.787171191347526,1.2151880545478633,1.2992731980559251
2020-01-01,EC-Earth3-Veg,pr,CRPS,1.3704329529323768e-05,1.375726238891708e-05,1.365140122267113e-05,2.0667968983218435e-05
2020-01-01,EC-Earth3-Veg,tas,CRPS,1.7757553027806825,1.681192011410417,1.873028229384044,1.0842301515508301
2020-01-01,EC-Earth3-Veg-LR,clt,CRPS,11.685449905049202,10.507368784435053,12.863535638006246,12.6441736125486
2020-01-01,EC-Earth3-Veg-LR,pr,CRPS,1.4205087243021154e-05,1.4728458601288982e-05,1.3681721491617739e-05,2.1465281454944107e-05
2020-01-01,EC-Earth3-Veg-LR,tas,CRPS,2.0089448216926513,2.029621989113757,1.9888384306409366,1.5092162665459927
2020-01-01,FGOALS-g3,clt,CRPS,16.78275531468513,15.223191538602649,18.342319090767507,15.848068266316355
2020-01-01,FGOALS-g3,pr,CRPS,1.6061237758237913e-05,1.6804148360321966e-05,1.5318327156153776e-05,2.3932345954280425e-05
2020-01-01,FGOALS-g3,tas,CRPS,1.5858658493957556,2.0253655365814303,1.1403222191703635,0.9716046458444206
2020-01-01,FIO-ESM-2-0,clt,CRPS,10.968459593793034,10.092571156129535,11.844348031456548,11.794903325551841
2020-01-01,FIO-ESM-2-0,pr,CRPS,1.350892427216501e-05,1.3971249444384216e-05,1.3046599099945843e-05,1.9157364781978973e-05
2020-01-01,FIO-ESM-2-0,tas,CRPS,1.3172841917601452,1.5206554442187408,1.1108936526752977,0.8231285779228014
2020-01-01,GFDL-ESM4,pr,CRPS,1.3193957434220819e-05,1.3634182734437604e-05,1.2753736792362769e-05,1.9658879383252293e-05
2020-01-01,GFDL-ESM4,tas,CRPS,1.381338613675845,1.6264820952204282,1.1333601906823823,0.9846328840324027
2020-01-01,IPSL-CM6A-LR,clt,CRPS,12.633398645139359,13.459862680088428,11.680567064837584,14.664208064426672
2020-01-01,IPSL-CM6A-LR,od550aer,CRPS,0.09189954926155913,0.1050948104453804,0.07725894529865172,0.1068094499037912
2020-01-01,IPSL-CM6A-LR,pr,CRPS,1.4108595535861232e-05,1.435897866782667e-05,1.3662553075796066e-05,1.996031619384305e-05
2020-01-01,IPSL-CM6A-LR,tas,CRPS,1.5014943589558911,1.8878742200747396,1.1197217178043009,0.9718516414098687
2020-01-01,KACE-1-0-G,clt,CRPS,11.584707674143885,11.468148101131348,11.701267247156428,11.824417152907257
2020-01-01,KACE-1-0-G,od550aer,CRPS,0.06389898127644364,0.0797522696391255,0.049424848159828616,0.07263169279922298
2020-01-01,KACE-1-0-G,pr,CRPS,1.4348120398176631e-05,1.4589686281424688e-05,1.4106554514928575e-05,2.122828263340651e-05
2020-01-01,KACE-1-0-G,tas,CRPS,1.4939597802306643,1.6180263310836656,1.3680455538698097,0.974409596783958
2020-01-01,MIROC6,clt,CRPS,11.354675336732171,11.166967254586922,11.542382659327345,10.342302246380472
2020-01-01,MIROC6,pr,CRPS,1.3701423912916842e-05,1.3637797518693763e-05,1.376504940132657e-05,1.899647687061693e-05
2020-01-01,MIROC6,tas,CRPS,1.9564270491345859,2.002688258496702,1.9083402461982333,1.1398571394359747
2020-01-01,MPI-ESM1-2-LR,clt,CRPS,11.592595430400332,10.868657874230697,12.31652049898503,12.598553472265841
2020-01-01,MPI-ESM1-2-LR,od550aer,CRPS,0.0715516772517312,0.08295752035785041,0.060188137572606625,0.07933916446366686
2020-01-01,MPI-ESM1-2-LR,pr,CRPS,1.4151334376627907e-05,1.4564101039912715e-05,1.3738552981211687e-05,2.062803833651325e-05
2020-01-01,MPI-ESM1-2-LR,tas,CRPS,1.5256416984183943,1.6599146518567505,1.390029924727113,1.0538935227766146
2020-01-01,MRI-ESM2-0,pr,CRPS,1.507793438315494e-05,1.5420800848229425e-05,1.4735079911068233e-05,2.3492068640714858e-05
2020-01-01,MRI-ESM2-0,tas,CRPS,1.4029964730164497,1.637237160790212,1.1658495964880389,0.9854834779912945
2020-01-01,NorESM2-LM,clt,CRPS,11.820481817443236,11.21266417632352,12.428288571341527,11.736136926742391
2020-01-01,NorESM2-LM,pr,CRPS,1.2703699289156771e-05,1.23702971429343e-05,1.3037089734672857e-05,1.8952653217587017e-05
2020-01-01,NorESM2-LM,tas,CRPS,1.3321294797401948,1.4533212557088175,1.209674123407381,0.9194536366314677
2021-01-01,ACCESS-CM2,clt,CRPS,12.214598942644564,12.079068199192305,12.350129668266383,12.334034311606409
2021-01-01,ACCESS-CM2,pr,CRPS,1.5303591046549572e-05,1.4841566765424158e-05,1.5765615266891013e-05,2.3750306208206975e-05
2021-01-01,ACCESS-CM2,tas,CRPS,1.5147589502229468,1.6274144857174229,1.4001414517513038,1.0704264484208978
2021-01-01,CESM2-WACCM,clt,CRPS,10.94575636207376,11.311576113448945,10.579938457973759,11.492982129172587
2021-01-01,CESM2-WACCM,od550aer,CRPS,0.063785311781211,0.08141336074991244,0.0472507218912151,0.07103642083603194
2021-01-01,CESM2-WACCM,pr,CRPS,1.2379108566563823e-05,1.2813809987261188e-05,1.194440921710398e-05,1.762114996859136e-05
2021-01-01,CESM2-WACCM,tas,CRPS,1.3850107702289858,1.5884823470502216,1.1790761222893493,0.9248748329825497
2021-01-01,CanESM5,clt,CRPS,11.2173216931047,11.339604128241936,11.095037766126287,12.621587109441691
2021-01-01,CanESM5,od550aer,CRPS,0.06847667281227736,0.08896372593726389,0.04880103844350161,0.07253616240408078
2021-01-01,CanESM5,pr,CRPS,1.4460854886198026e-05,1.471092448800639e-05,1.4210783349016732e-05,2.2926050310478677e-05
2021-01-01,CanESM5,tas,CRPS,1.6854752428964204,2.0360859082457874,1.331542281983748,1.476567277052107
2021-01-01,EC-Earth3-Veg,pr,CRPS,1.3653597733303247e-05,1.3755474435832876e-05,1.3551725608884221e-05,2.0495062487195945e-05
2021-01-01,EC-Earth3-Veg,tas,CRPS,1.7994927098128433,1.6750171301348586,1.9260651711822085,1.0858681865395472
2021-01-01,EC-Earth3-Veg-LR,clt,CRPS,11.801297911835091,10.545165492279022,13.057434989460218,12.48035253277577
2021-01-01,EC-Earth3-Veg-LR,pr,CRPS,1.4264923473932994e-05,1.4050207359070652e-05,1.44796452192776e-05,2.1598059189953458e-05
2021-01-01,EC-Earth3-Veg-LR,tas,CRPS,1.9852829325252523,1.9719803068770443,1.99932680485031,1.363146046335638
2021-01-01,FGOALS-g3,clt,CRPS,16.545410313614138,15.114673463897532,17.976147163330637,15.852871982769114
2021-01-01,FGOALS-g3,pr,CRPS,1.615299732723129e-05,1.6594514864671216e-05,1.5711479789791273e-05,2.4418448001018335e-05
2021-01-01,FGOALS-g3,tas,CRPS,1.5538421083645757,1.893931036958602,1.2098527085340363,1.0041968083902895
2021-01-01,FIO-ESM-2-0,clt,CRPS,11.03328105181334,10.299498807981356,11.767063295645338,11.97532449481441
2021-01-01,FIO-ESM-2-0,pr,CRPS,1.368433357475728e-05,1.3785489938410992e-05,1.3583177211103602e-05,2.0338835653247518e-05
2021-01-01,FIO-ESM-2-0,tas,CRPS,1.3583739753795179,1.5413341464101233,1.1733991624458515,0.8699085398743714
2021-01-01,GFDL-ESM4,pr,CRPS,1.3303182056156268e-05,1.3382918368729474e-05,1.3223450177007319e-05,1.9666498350327728e-05
2021-01-01,GFDL-ESM4,tas,CRPS,1.4025568639060413,1.609346145565038,1.1939201771491434,0.9424761765685394
2021-01-01,IPSL-CM6A-LR,clt,CRPS,12.531009657291593,13.564754285960381,11.37928957902291,14.3188419318166
2021-01-01,IPSL-CM6A-LR,od550aer,CRPS,0.0863105929018092,0.10985023010815947,0.06291815195248428,0.10137631197825735
2021-01-01,IPSL-CM6A-LR,pr,CRPS,1.4002781078744564e-05,1.4023541260478016e-05,1.3804956320042338e-05,1.9877412006549675e-05
2021-01-01,IPSL-CM6A-LR,tas,CRPS,1.5646245179842682,1.9469628482529773,1.1944967230855297,0.9149299375570742
2021-01-01,KACE-1-0-G,clt,CRPS,12.215766455387595,12.075400884912526,12.356132025862669,12.632424850984584
2021-01-01,KACE-1-0-G,od550aer,CRPS,0.06681269962526187,0.08494937495125321,0.05056435966945341,0.07786366847489605
2021-01-01,KACE-1-0-G,pr,CRPS,1.5249500373976719e-05,1.5242457178375487e-05,1.5256543569577955e-05,2.3405407948183342e-05
2021-01-01,KACE-1-0-G,tas,CRPS,1.6057371842840746,1.727656426485516,1.481613643050986,1.1755001203174167
2021-01-01,MIROC6,clt,CRPS,11.099405588575124,10.935428101055406,11.263382334904477,10.268674281632473
2021-01-01,MIROC6,pr,CRPS,1.3262632279904423e-05,1.3191609465382699e-05,1.3333654217000893e-05,1.844044908554203e-05
2021-01-01,MIROC6,tas,CRPS,1.9659780080880258,1.967788465732595,1.9635785554883867,1.1050927789336413
2021-01-01,MPI-ESM1-2-LR,clt,CRPS,11.81241585986488,11.044258862117019,12.580560121201009,12.882398134014359
2021-01-01,MPI-ESM1-2-LR,od550aer,CRPS,0.06683313082404051,0.08597089846799581,0.048849425815898705,0.0739623433373508
2021-01-01,MPI-ESM1-2-LR,pr,CRPS,1.4337927495612428e-05,1.4555144660122975e-05,1.4120695325386046e-05,2.133086248746288e-05
2021-01-01,MPI-ESM1-2-LR,tas,CRPS,1.537559744435559,1.639794484541157,1.4343905667862542,0.9782967987760331
2021-01-01,MRI-ESM2-0,pr,CRPS,1.5454504441264484e-05,1.5706464047214532e-05,1.5202557101651616e-05,2.4064200826518808e-05
2021-01-01,MRI-ESM2-0,tas,CRPS,1.5670442940378981,1.8244959881622285,1.307157575392669,1.1432912171240945
2021-01-01,NorESM2-LM,clt,CRPS,12.025223348794801,11.66464724679549,12.385788374996082,11.900694336489595
2021-01-01,NorESM2-LM,pr,CRPS,1.2902163396042906e-05,1.3241210633972074e-05,1.2563104274612553e-05,1.9530400115123326e-05
2021-01-01,NorESM2-LM,tas,CRPS,1.4242343290243482,1.6075997049996704,1.2396947784219254,0.9016783261119506
2022-01-01,ACCESS-CM2,clt,CRPS,12.148596880095525,12.044840719777381,12.252353026763496,12.644262650650044
2022-01-01,ACCESS-CM2,pr,CRPS,1.55004088581097e-05,1.505607605697956e-05,1.5944741600783355e-05,2.3959902155635016e-05
2022-01-01,ACCESS-CM2,tas,CRPS,1.5314969964097933,1.6403280241213247,1.4208014290357003,1.1520634734427586
2022-01-01,CESM2-WACCM,clt,CRPS,11.361503677234163,11.681746007074963,11.041263315691568,12.19190410500988
2022-01-01,CESM2-WACCM,od550aer,CRPS,0.05967472237908363,0.07241220124214338,0.0479871267576635,0.07130238169391949
2022-01-01,CESM2-WACCM,pr,CRPS,1.3520526545085974e-05,1.3727637747018658e-05,1.3313417834274903e-05,2.000480061037917e-05
2022-01-01,CESM2-WACCM,tas,CRPS,1.4210286053660182,1.6172802181263346,1.2218577362133323,1.052777829891314
2022-01-01,CanESM5,clt,CRPS,11.19112034787679,11.019183725941751,11.363055520125243,12.421843103465369
2022-01-01,CanESM5,od550aer,CRPS,0.07088686539257587,0.07524105385664169,0.06630373312628816,0.08231459605344736
2022-01-01,CanESM5,pr,CRPS,1.4382114578701687e-05,1.425684246526981e-05,1.4507384816499778e-05,2.2356245716486004e-05
2022-01-01,CanESM5,tas,CRPS,1.629029486673215,1.8890626654804585,1.3655835797508196,1.5715687299776653
2022-01-01,EC-Earth3-Veg,pr,CRPS,1.382614973607044e-05,1.3497299425583924e-05,1.4155004313066005e-05,2.065597755366059e-05
2022-01-01,EC-Earth3-Veg,tas,CRPS,1.6837458708408235,1.5470095561571735,1.8235089547409968,1.0684931094009202
2022-01-01,EC-Earth3-Veg-LR,clt,CRPS,11.554662917796803,10.282804435183117,12.826525961130685,12.1255939222035
2022-01-01,EC-Earth3-Veg-LR,pr,CRPS,1.4116754073791846e-05,1.351274039975108e-05,1.4720773319831202e-05,2.1286824215721216e-05
2022-01-01,EC-Earth3-Veg-LR,tas,CRPS,1.85698737557619,1.8261526467393576,1.888930807072204,1.2128796614108388
2022-01-01,FGOALS-g3,clt,CRPS,16.953615987051773,15.358494053714873,18.548737920388565,16.116811180697468
2022-01-01,FGOALS-g3,pr,CRPS,1.6217784855604577e-05,1.672763465025028e-05,1.5707935060958784e-05,2.4620865714210552e-05
2022-01-01,FGOALS-g3,tas,CRPS,1.6017521226223481,1.9789433854864251,1.2196286704391524,1.051618920998805
2022-01-01,FIO-ESM-2-0,clt,CRPS,11.197280019926637,10.016924789840045,12.377635250013247,12.089417032887406
2022-01-01,FIO-ESM-2-0,pr,CRPS,1.4002442872162682e-05,1.3575733046606661e-05,1.442915269771873e-05,2.073404550020095e-05
2022-01-01,FIO-ESM-2-0,tas,CRPS,1.3472273839621243,1.4949151260065674,1.197931236718514,0.8821976546644094
2022-01-01,GFDL-ESM4,pr,CRPS,1.3494395875791609e-05,1.3645943435834393e-05,1.3342852864032574e-05,2.0061656575677968e-05
2022-01-01,GFDL-ESM4,tas,CRPS,1.389749787755892,1.601926187381612,1.175015947443714,0.9418942570104005
2022-01-01,IPSL-CM6A-LR,clt,CRPS,12.613126627878222,13.604153511012532,11.524075595135633,14.60823564928883
2022-01-01,IPSL-CM6A-LR,od550aer,CRPS,0.09082857166875641,0.10048905545666097,0.08048037668837636,0.116412012433899
2022-01-01,IPSL-CM6A-LR,pr,CRPS,1.435958081518907e-05,1.4401510135203033e-05,1.4176477916656702e-05,2.0754912994622787e-05
2022-01-01,IPSL-CM6A-LR,tas,CRPS,1.4979349674492664,1.842304190051591,1.1648405871877132,0.9171970816484037
2022-01-01,KACE-1-0-G,clt,CRPS,12.243206703938988,11.819352889795475,12.667060518082502,13.075589264054473
2022-01-01,KACE-1-0-G,od550aer,CRPS,0.06573998750784195,0.08548819392010243,0.048245881730745004,0.07654721124874866
2022-01-01,KACE-1-0-G,pr,CRPS,1.5590391169121672e-05,1.4849645044432291e-05,1.633113729381106e-05,2.4095492222115408e-05
2022-01-01,KACE-1-0-G,tas,CRPS,1.6483145619685828,1.748192514716484,1.5464663084473507,1.318980594357903
2022-01-01,MIROC6,clt,CRPS,11.544276238212545,11.242099795423748,11.846451901441895,10.447435799282127
2022-01-01,MIROC6,pr,CRPS,1.3551504742683255e-05,1.3355855502771741e-05,1.374715307795909e-05,1.8557267910521542e-05
2022-01-01,MIROC6,tas,CRPS,1.9487444181323879,1.9784047995429146,1.9183148632811233,1.1175655876342174
2022-01-01,MPI-ESM1-2-LR,clt,CRPS,11.872488227732353,10.996278706055238,12.74868490711908,12.777666003846496
2022-01-01,MPI-ESM1-2-LR,od550aer,CRPS,0.07071257849400375,0.076459477552312,0.06518965948282902,0.08641719685544098
2022-01-01,MPI-ESM1-2-LR,pr,CRPS,1.4233738665196376e-05,1.4198403947048734e-05,1.4269058387608377e-05,2.0962130581301702e-05
2022-01-01,MPI-ESM1-2-LR,tas,CRPS,1.496628450858851,1.619085399778795,1.3725757543843702,0.9552641580703997
2022-01-01,MRI-ESM2-0,pr,CRPS,1.5957464071480693e-05,1.5589938191426646e-05,1.6325002451905785e-05,2.504014393812218e-05
2022-01-01,MRI-ESM2-0,tas,CRPS,1.5860831125494224,1.8028910792717996,1.3664719375433727,1.2320747633699256
2022-01-01,NorESM2-LM,clt,CRPS,12.260081794820872,11.633066582497092,12.887085715030912,12.138442876437907
2022-01-01,NorESM2-LM,pr,CRPS,1.2926226704942036e-05,1.2843889156910647e-05,1.3008552347308795e-05,1.91120194805005e-05
2022-01-01,NorESM2-LM,tas,CRPS,1.3809976546917424,1.5016548448522107,1.2590749679695097,0.9585362955943545
2023-01-01,ACCESS-CM2,clt,CRPS,11.706853990367902,11.62182096558812,11.791887003960726,11.635474710023695
2023-01-01,ACCESS-CM2,pr,CRPS,1.4502407260954884e-05,1.4684319306190526e-05,1.4320495239651615e-05,2.1482725227335005e-05
2023-01-01,ACCESS-CM2,tas,CRPS,1.4486676378805192,1.634504834369188,1.2590403467943838,0.9452902302425733
2023-01-01,CESM2-WACCM,clt,CRPS,10.607822421301085,10.948600830759547,10.267045813842136,11.21644193382638
2023-01-01,CESM2-WACCM,od550aer,CRPS,0.06601025594158498,0.0837535837407999,0.04922516913767853,0.07255029703026597
2023-01-01,CESM2-WACCM,pr,CRPS,1.3162820689184078e-05,1.4206997418055301e-05,1.2118645665008173e-05,1.9174629446940882e-05
2023-01-01,CESM2-WACCM,tas,CRPS,1.3113002983363187,1.4726925512018967,1.146984610175721,0.9083087689796682
2023-01-01,CanESM5,clt,CRPS,10.736660262355846,10.8141572372944,10.659161864704041,11.829808362237573
2023-01-01,CanESM5,od550aer,CRPS,0.07632593692039708,0.0913636884416626,0.06106907161435718,0.075616187645069
2023-01-01,CanESM5,pr,CRPS,1.4174359388086936e-05,1.483575988730123e-05,1.3512956937076335e-05,2.2053715384244285e-05
2023-01-01,CanESM5,tas,CRPS,1.6122928250190205,1.8945405422706418,1.3253132496124869,1.4048778224572127
2023-01-01,EC-Earth3-Veg,pr,CRPS,1.3547464345678456e-05,1.4072706052375211e-05,1.3022227544244497e-05,2.0118702663323234e-05
2023-01-01,EC-Earth3-Veg,tas,CRPS,1.7215968926462502,1.7158283370911651,1.7284408327431173,1.0768884073444662
2023-01-01,EC-Earth3-Veg-LR,clt,CRPS,11.55318769862084,10.250588807877838,12.855791149501764,12.216734076757161
2023-01-01,EC-Earth3-Veg-LR,pr,CRPS,1.4011038620487844e-05,1.4271995236355057e-05,1.3750087534892468e-05,2.1220161506342676e-05
2023-01-01,EC-Earth3-Veg-LR,tas,CRPS,1.9523934402524779,2.031379856209208,1.871989042072549,1.495761374163558
2023-01-01,FGOALS-g3,clt,CRPS,16.19220687178894,14.367256505131138,18.01715723844664,14.882679395906111
2023-01-01,FGOALS-g3,pr,CRPS,1.4911248593933668e-05,1.616029084658507e-05,1.366220634128219e-05,2.18387081927922e-05
2023-01-01,FGOALS-g3,tas,CRPS,1.5163343464764791,1.930264589331915,1.0944673645578187,0.8966864754579058
2023-01-01,FIO-ESM-2-0,clt,CRPS,10.808485148312522,9.987949710306596,11.629020586318466,11.509274786087792
2023-01-01,FIO-ESM-2-0,pr,CRPS,1.3855717354617665e-05,1.4495910952188807e-05,1.321552375704656e-05,2.0428019214723062e-05
2023-01-01,FIO-ESM-2-0,tas,CRPS,1.3326686041960214,1.5832906108093026,1.0770783812914755,0.8473494563296491
2023-01-01,GFDL-ESM4,pr,CRPS,1.3028970374110309e-05,1.3825955367756928e-05,1.2231990242716713e-05,1.9090034373609782e-05
2023-01-01,GFDL-ESM4,tas,CRPS,1.4017306331469757,1.6671150607793859,1.1323030263926526,0.9534950566019055
2023-01-01,IPSL-CM6A-LR,clt,CRPS,12.690445895114863,13.412490954449709,11.794937254157178,14.877814679073195
2023-01-01,IPSL-CM6A-LR,od550aer,CRPS,0.09379060209946759,0.1118318183503078,0.07512377906321262,0.10979673507866355
2023-01-01,IPSL-CM6A-LR,pr,CRPS,1.5163168806493979e-05,1.5695171016903995e-05,1.4334734573939244e-05,2.2378598891976533e-05
2023-01-01,IPSL-CM6A-LR,tas,CRPS,1.5792155209520404,1.9323625684214802,1.227749809756102,1.0799751280827399
2023-01-01,KACE-1-0-G,clt,CRPS,11.603965813872778,11.489842558471459,11.718089069274102,11.904508469118625
2023-01-01,KACE-1-0-G,od550aer,CRPS,0.06608445697136273,0.08455985838522107,0.04969694534290539,0.07525317061243199
2023-01-01,KACE-1-0-G,pr,CRPS,1.4802106787564419e-05,1.469023890687333e-05,1.4913974668255512e-05,2.2158594002208098e-05
2023-01-01,KACE-1-0-G,tas,CRPS,1.561717751436985,1.707194138080636,1.4130865246991373,1.0571843480892626
2023-01-01,MIROC6,clt,CRPS,11.217998307313112,10.820412215736502,11.615583634522642,10.01308935823602
2023-01-01,MIROC6,pr,CRPS,1.3466029558595312e-05,1.349320667832114e-05,1.3438851554521685e-05,1.8509025223951513e-05
2023-01-01,MIROC6,tas,CRPS,1.8712729016720315,1.9255879764178816,1.8147117201499432,1.075761620994513
2023-01-01,MPI-ESM1-2-LR,clt,CRPS,11.622831180690165,10.712383531447117,12.533266236906469,12.424323107737308
2023-01-01,MPI-ESM1-2-LR,od550aer,CRPS,0.07324646759082441,0.08751068056327033,0.0592950640863506,0.0802850794768472
2023-01-01,MPI-ESM1-2-LR,pr,CRPS,1.4675910052370026e-05,1.535031503317104e-05,1.4001489890563745e-05,2.1916967078514855e-05
2023-01-01,MPI-ESM1-2-LR,tas,CRPS,1.5541808020392587,1.688952675738171,1.4170980354636435,1.0996613859110882
2023-01-01,MRI-ESM2-0,pr,CRPS,1.4797369517121802e-05,1.5651267508924398e-05,1.3943483431296715e-05,2.2762090168879165e-05
2023-01-01,MRI-ESM2-0,tas,CRPS,1.4693004284521847,1.688597026275626,1.2463562926347145,0.9954744291171265
2023-01-01,NorESM2-LM,clt,CRPS,11.996205216656195,11.458669420654553,12.533729963586874,11.96487943984615
2023-01-01,NorESM2-LM,pr,CRPS,1.3559361197600473e-05,1.4179150709200076e-05,1.2939559197189497e-05,2.0511877862845964e-05
2023-01-01,NorESM2-LM,tas,CRPS,1.2690696437252937,1.4006400164444919,1.1356171702782036,0.8541600328227849
2024-01-01,ACCESS-CM2,clt,CRPS,12.027366450934343,11.545478127338427,12.509254711132966,12.206005573316373
2024-01-01,ACCESS-CM2,pr,CRPS,1.4857290651108455e-05,1.45982437223094e-05,1.5116337545827263e-05,2.2554681971566924e-05
2024-01-01,ACCESS-CM2,tas,CRPS,1.459810349866342,1.6349941815432805,1.282023130700188,0.9590037014033461
2024-01-01,CESM2-WACCM,clt,CRPS,10.671470178814234,11.078329428878638,10.264612686799639,11.24627690073657
2024-01-01,CESM2-WACCM,od550aer,CRPS,0.06441787392680862,0.07905595055013079,0.05086756005037465,0.07571034388515523
2024-01-01,CESM2-WACCM,pr,CRPS,1.2833398427540576e-05,1.3523332426660506e-05,1.2143466371043496e-05,1.7991605990468283e-05
2024-01-01,CESM2-WACCM,tas,CRPS,1.2893937115253833,1.3795355704265224,1.1983171764819376,0.8729362246884408
2024-01-01,CanESM5,clt,CRPS,10.94304543739972,11.077859798186644,10.808229619206768,11.893911035485417
2024-01-01,CanESM5,od550aer,CRPS,0.0761366902268278,0.08959799880312984,0.06348970952492501,0.08144892944005806
2024-01-01,CanESM5,pr,CRPS,1.3759452956612742e-05,1.424320371897045e-05,1.3275700320415561e-05,2.0940863275473455e-05
2024-01-01,CanESM5,tas,CRPS,1.5164944595511056,1.7931165254606,1.2372113267242046,1.280615242315251
2024-01-01,EC-Earth3-Veg,pr,CRPS,1.3708485532606674e-05,1.409184446981881e-05,1.3325131432282745e-05,2.0609967033675855e-05
2024-01-01,EC-Earth3-Veg,tas,CRPS,1.778229091613772,1.7318398228643792,1.8255861003279483,1.1730230808639877
2024-01-01,EC-Earth3-Veg-LR,clt,CRPS,12.030851185008993,10.776720589597055,13.284986529096543,13.020010816295377
2024-01-01,EC-Earth3-Veg-LR,pr,CRPS,1.4184498848349025e-05,1.4843689835514488e-05,1.3525313459921568e-05,2.1775934588823633e-05
2024-01-01,EC-Earth3-Veg-LR,tas,CRPS,2.0225541890111596,2.068975603124146,1.975567048894696,1.6140826065104583
2024-01-01,FGOALS-g3,clt,CRPS,17.045995951906054,15.219956264810948,18.87203563900105,16.153930800762605
2024-01-01,FGOALS-g3,pr,CRPS,1.5927044220130225e-05,1.6723309134912048e-05,1.5130779305348315e-05,2.36646002809064e-05
2024-01-01,FGOALS-g3,tas,CRPS,1.5575225807829076,1.9615406673046862,1.1489261066236724,0.9933167874977672
2024-01-01,FIO-ESM-2-0,clt,CRPS,11.14391746407451,10.334304151070569,11.953530777078464,11.739422801569225
2024-01-01,FIO-ESM-2-0,pr,CRPS,1.3464230768678255e-05,1.4123656352191015e-05,1.2804805185165533e-05,1.937478180211971e-05
2024-01-01,FIO-ESM-2-0,tas,CRPS,1.3518600815196529,1.5790471762772154,1.1221448457659637,0.8874726785612999
2024-01-01,GFDL-ESM4,pr,CRPS,1.3192125681391096e-05,1.35032445591595e-05,1.2881011367953517e-05,1.9244840667956828e-05
2024-01-01,GFDL-ESM4,tas,CRPS,1.4256418340678223,1.6743867333521545,1.1744900474351936,1.0221843002862752
2024-01-01,IPSL-CM6A-LR,clt,CRPS,13.206897622568652,14.042195668390407,12.224898774268292,15.751059603903343
2024-01-01,IPSL-CM6A-LR,od550aer,CRPS,0.09233051594338648,0.10409107594834834,0.07948833350933278,0.11705735068091527
2024-01-01,IPSL-CM6A-LR,pr,CRPS,1.4536591770439527e-05,1.4858643303595697e-05,1.395332621341192e-05,2.0977303584315045e-05
2024-01-01,IPSL-CM6A-LR,tas,CRPS,1.636498435334811,2.0550430762994503,1.2229292121451683,1.1495331541852014
2024-01-01,KACE-1-0-G,clt,CRPS,11.949100203833474,11.676713750473175,12.22148665719378,12.265681787441713
2024-01-01,KACE-1-0-G,od550aer,CRPS,0.06705691500311824,0.08536897445351084,0.05080923592947837,0.0759930787895483
2024-01-01,KACE-1-0-G,pr,CRPS,1.4703881475178961e-05,1.4813020633278178e-05,1.459474231707975e-05,2.1946773977206184e-05
2024-01-01,KACE-1-0-G,tas,CRPS,1.5053375638575321,1.636885906485644,1.3720321313872856,1.0082178466007716
2024-01-01,MIROC6,clt,CRPS,11.344035291326293,11.201241073016723,11.486828753741532,10.223923766967333
2024-01-01,MIROC6,pr,CRPS,1.3410025529932154e-05,1.3529183779143962e-05,1.3290866406110758e-05,1.867836893032809e-05
2024-01-01,MIROC6,tas,CRPS,1.919504921196664,1.9602808734855364,1.8769895328535906,1.127794013940849
2024-01-01,MPI-ESM1-2-LR,clt,CRPS,11.782765144526172,10.977145972515855,12.588371596547132,12.643693372943401
2024-01-01,MPI-ESM1-2-LR,od550aer,CRPS,0.07164516888966897,0.08046035603590886,0.06341701068291565,0.08425213124177745
2024-01-01,MPI-ESM1-2-LR,pr,CRPS,1.4052068912313173e-05,1.4506322591220661e-05,1.3597800622131861e-05,2.0593691909465307e-05
2024-01-01,MPI-ESM1-2-LR,tas,CRPS,1.5436699505485267,1.6662069889686764,1.419687953904366,1.0791665676002342
2024-01-01,MRI-ESM2-0,pr,CRPS,1.4522345855877094e-05,1.5219801114709648e-05,1.382490224474776e-05,2.2493701230733476e-05
2024-01-01,MRI-ESM2-0,tas,CRPS,1.4531525473575007,1.6823986350950582,1.2220719237944397,0.9684563898622637
2024-01-01,NorESM2-LM,clt,CRPS,12.475152839307645,11.799765383933257,13.150528804477714,12.114181785320925
2024-01-01,NorESM2-LM,pr,CRPS,1.3282305006797153e-05,1.3898598737962272e-05,1.2665999042002493e-05,2.0078239495208313e-05
2024-01-01,NorESM2-LM,tas,CRPS,1.2876284668790579,1.4009732818785965,1.173649646842914,0.8998131717741978
